accx,accy,accz,pres,temp,alt,velv,accv,act,time,state
42.27,3.46,44.11,82.02,54.5,2136.95,390.64,-37.93,0,1523,0
42.11,4.84,43.53,81.82,54.44,2146.4,260.25,-35.59,0,1610,0
41.91,5.03,41.98,81.46,54.5,2165.39,223.85,-28.83,0,1639,0
41.79,2.55,41.52,80.84,54.5,2179.06,342.78,-23.07,0,1690,0
41.57,-0.76,41.54,80.36,54.44,2209.29,458.41,-19.71,0,1740,0
41.76,-2.25,41.14,79.84,54.5,2248.6,610.71,-16.7,0,1794,0
41.59,-6.12,41.85,79.46,54.5,2297.46,741.05,-16.76,0,1842,0
42.07,-8.6,42.85,79.17,54.5,2346.33,859.2,-20.5,0,1894,0
41.26,-3.2,43.23,78.84,54.5,2402.2,942.74,-28.23,0,1946,0
42.04,14.7,43.32,78.3,54.5,2462.98,1029.96,-45.48,0,2000,0
39.8,-9.31,45.37,78.06,54.5,2526.4,1074.29,-38.32,0,2048,0
33.85,7.83,46.17,77.79,54.5,2582.66,1094.52,-52.08,0,2099,0
35.41,-9.26,47.42,77.25,54.5,2644.09,1121.59,-53.4,0,2149,0
32.9,22.06,47.4,77.19,54.5,2700.7,1097.97,-60.22,0,2203,0
31.2,-1.84,47.19,76.25,54.5,2766.13,1128.93,-55.83,0,2250,0
24.18,8.27,47.09,76.36,54.5,2818.7,1097.13,-49.39,0,2301,0
28.59,-3.77,46.5,74.34,54.5,2891.73,1243.23,-52.06,0,2352,0
27.07,11.51,46.52,76.05,54.5,2947.69,1141.82,-45.55,0,2407,0
29,13.5,46.68,74.04,54.5,3019.49,1201.26,-46.29,0,2456,0
31.31,-45.23,44.08,76.69,54.5,3056.15,945.08,-69.55,0,2507,0
31.69,7.62,45.41,76.94,54.5,3078.36,666.62,-40.44,0,2558,0
27,-23.59,42.78,76.91,54.56,3086.46,394.25,-52.79,0,2611,0
24.33,-4.9,44.48,76.74,54.56,3083.55,157.36,-37.88,0,2659,0
20.11,-2.98,44.87,76.41,54.5,3071.41,-55.34,-38.54,0,2710,0
16.89,-30.43,43.26,75.83,54.5,3055.32,-188.72,-49.17,0,2760,0
19.16,-9.07,44.12,75.31,54.5,3038.38,-263.49,-38.76,0,2814,0
16.55,2,44.46,74.25,54.5,3026.41,-239.52,-31.72,0,2862,0
14.22,-45.56,40.85,74.95,54.5,3012.27,-265.81,-52.34,0,2914,0
16.91,6.04,40.78,75.1,54.5,2995.66,-289.8,-13.61,0,2966,0
15.33,-6.29,40.61,75.09,54.5,2978.85,-303.49,-18.63,0,3020,0
15.33,-24.57,39.01,75.04,54.44,2961.97,-305.1,-28.06,0,3068,0
14.16,2.47,40.12,74.79,54.5,2949.52,-278.22,-9.47,0,3119,0
11.02,-30.08,38.22,74.52,54.5,2939.94,-229.79,-27.79,0,3169,0
10.22,-3.32,39.78,74.34,54.5,2934.63,-164.64,-10.75,0,3223,0
7.66,-25.11,38.78,74.01,54.5,2934.1,-85.09,-24.2,0,3270,0
6.81,-14.82,39.49,73.87,54.44,2939.14,12.8,-17.32,0,3321,0
5.74,-5.46,40.41,73.73,54.5,2949.18,105.39,-12.4,0,3372,0
3.9,-19,39.67,73.59,54.5,2964.09,198,-21.72,0,3426,0
3.86,1.93,42.26,73.52,54.56,2983.84,280.14,-13.63,0,3474,0
3.29,-21.17,42.11,73.38,54.5,3006,367.83,-30.69,0,3525,0
2.8,-0.67,44.14,73.25,54.5,3033.06,445.2,-24.2,0,3576,0
2.52,-10.38,44.78,73.02,54.5,3063.99,520.79,-32.62,0,3630,0
-0.48,-4.88,45.79,72.82,54.44,3099.94,587.48,-31.1,0,3678,0
-0.93,-2.5,46.33,72.55,54.5,3135.97,662.62,-33.46,0,3729,0
-3.51,-15.55,46.43,72.25,54.5,3177.54,731.77,-33.64,0,3780,0
-5.43,3.82,46.34,72.16,54.5,3221.36,787.7,-30.48,0,3834,0
-7.5,-9.21,45.75,71.98,54.5,3269.48,831.23,-25.85,0,3882,0
-7.32,3.69,45.34,71.9,54.5,3313.53,866.02,-25.15,0,3933,0
-9.52,6.05,44.1,71.81,54.5,3360.53,885.13,-19.58,0,3984,0
-11.9,-5.3,43.01,71.74,54.5,3407.11,890.95,-5.8,0,4035,0
-12.97,12.75,40.33,71.54,54.5,3453.29,889.82,-7.78,0,4089,0
-12.19,-0.38,35.59,71.31,54.5,3501.59,884.37,7.05,1,4137,0
-13.62,8.84,36.4,71.12,54.5,3543.65,872.67,7.01,1,4189,0
-14.57,4.25,33.68,70.9,54.5,3588.26,858.26,18.84,1,4239,0
-14.87,-3.34,32.7,70.72,54.5,3629.8,838.06,27.24,1,4293,0
-14.44,11.41,31.37,70.62,54.5,3672.77,810.49,24.74,0,4341,0
-15.07,-3.64,30.63,70.52,54.5,3708.57,772.29,33.14,0,4392,0
-15.12,0.51,29.99,70.45,54.5,3744.09,728.86,33.01,0,4444,1
-14.16,2.68,30.16,70.29,54.5,3777.81,683.65,32.91,0,4510,1
-13.97,-10.27,30.72,70.1,54.5,3818.54,645.86,27.37,0,4547,1
-13.85,-4.31,32.29,69.92,54.5,3837.9,579.59,25.05,0,4598,1
-13.28,-12.28,34.27,69.68,54.5,3863.41,535.57,14.19,0,4648,1
-12.88,-11.67,35.87,69.47,54.5,3886.38,493.3,8.8,0,4702,1
-11.7,-8.42,38.84,69.35,54.5,3909.12,453.1,-0.12,0,4750,1
-11.63,-12.07,40.93,69.23,54.44,3926.91,407.72,-10.76,0,4800,1
-10.83,-6.04,43.41,69.12,54.44,3943.34,364.12,-16.48,0,4851,2
-10.25,-4.62,44.52,68.97,54.5,3958.2,323.89,-23.15,0,4916,2
-9.24,-4.74,46.25,68.81,54.5,3975.78,293.24,-28.07,1,4954,2
-9.68,1.38,45.27,68.63,54.5,3983.97,251.14,-26.89,1,5006,2
-9.47,0.36,45.43,68.39,54.44,3994.82,226.96,-24.8,1,5057,2
-9.61,3.41,44.22,68.21,54.5,4004.72,208.02,-20.32,1,5111,2
-9.71,7.21,41.81,68.04,54.5,4014.74,194.7,-14.44,1,5159,2
-9.38,7.54,40.01,67.9,54.5,4023.22,184.01,-6.51,0,5209,2
-9.96,9.86,36.83,67.82,54.5,4031.69,175.59,3.96,0,5260,2
-10.71,10.25,33.67,67.71,54.5,4040.18,170.3,13.73,0,5313,2
-10.95,5.36,32.13,67.52,54.5,4049.29,170.91,24.14,0,5361,2
-11.34,3.52,30.59,67.34,54.5,4058.08,176.99,29.45,0,5412,2
-11.11,0.03,29.09,67.13,54.5,4068.25,188.39,30.99,0,5464,2
-11.33,-5.96,29.82,66.94,54.56,4079.71,204.44,30.53,0,5531,2
-11.05,-3.74,30.65,66.81,54.5,4095.21,218.15,27.91,0,5585,2
-10.04,-3.51,32.15,66.7,54.5,4108.85,234.95,22.3,0,5618,2
-9.63,-8.8,33.71,66.59,54.5,4118.52,262.99,10.69,0,5669,2
-8.84,-5.48,38.84,66.48,54.5,4133.96,281.57,2.8,0,5723,2
-7.45,-4.46,41.83,66.31,54.44,4151.36,299.84,-11.54,0,5770,2
-7.34,-6.26,43.18,66.11,54.5,4168.01,324.67,-20.97,1,5821,2
-6.85,-5,45.57,65.95,54.5,4187.25,348.14,-27.24,1,5871,2
-6.36,-0.94,46.35,65.79,54.5,4207.46,373.19,-29.38,1,5925,2
-6.97,-1,45.5,65.62,54.5,4230.48,396.69,-27.42,1,5973,2
-6.21,2.86,42.83,65.52,54.5,4252.26,422.26,-22.9,1,6054,2
-6.92,7.1,40.43,65.38,54.5,4288.98,434.47,-16.43,1,6077,2
-7.02,7.95,38.91,65.24,54.5,4301.46,486.26,-7.34,1,6128,2
-7.49,9.74,36.79,65.11,54.5,4328.74,508.11,2.24,0,6176,2
-8.56,8.38,33.44,64.96,54.5,4355.56,531.12,12.82,0,6227,2
-8.58,5.17,28.86,64.79,54.5,4385.04,552.52,19.55,0,6279,2
-8.81,3,30.6,64.65,54.5,4416,572.13,27.97,0,6332,2
-8.85,1.73,29.97,64.49,54.5,4448.4,590,31.13,0,6380,2
-8.91,-5.06,28.09,64.34,54.44,4478.59,607.33,27.28,0,6431,2
-8.35,-5.51,29.68,64.2,54.5,4511.25,621.54,23.25,0,6482,2
-7.88,-6.41,33.14,64.07,54.5,4544.37,632.95,16.62,0,6533,2
-6.75,-10.2,35.31,63.93,54.5,4577.82,641.31,4.76,1,6587,2
-6.62,-10.88,38.01,63.79,54.5,4613.36,646.1,-5.52,1,6635,2
-5.65,-7.61,41.14,63.67,54.5,4644.97,648.49,-14.18,1,6686,2
-4.96,-6.52,43.21,63.52,54.44,4678.42,647.93,-22.85,1,6737,2
-4.63,-5.19,44.36,63.37,54.5,4711.68,645.7,-28.09,1,6792,2
-4.59,-0.65,41.93,63.28,54.44,4746.99,639.39,-27.77,1,6840,2
-4.34,3.93,44.94,63.16,54.44,4777.24,630.47,-29.01,1,6891,2
-4.65,4.52,42.4,63.06,54.44,4808.67,619.31,-22.55,1,6941,2
-5,6.35,38.75,62.97,54.5,4838.63,605.54,-14.43,1,6995,2
-5.54,8.36,36.92,62.88,54.44,4870,589.89,-5.63,1,7044,2
-5.69,9.27,33.57,62.78,54.44,4897.36,571.27,3.5,0,7096,2
-6.22,7.22,31.88,62.66,54.44,4925.38,552.71,13.64,0,7147,2
-6.33,5.41,28.38,62.51,54.44,4951.87,533.98,20.06,0,7201,2
-6.77,3.74,26.36,62.31,54.44,4979.16,518.03,24.35,0,7249,2
-6.53,-0.14,24.61,62.14,54.44,5002.56,501.11,25.25,0,7300,2
-6.37,-3.42,25.93,61.97,54.44,5026.74,486.06,24.04,1,7350,2
-6.02,-5.93,27.75,61.83,54.5,5049.7,470.97,18.97,1,7404,2
-5.59,-6.04,28.35,61.68,54.44,5073.81,456.89,11.28,1,7451,2
-5.1,-6.94,30.67,61.53,54.44,5094.03,441.45,2.54,1,7502,2
-4.65,-8.33,33.34,61.38,54.44,5115.37,427.54,-7.15,1,7554,2
-4.09,-7.75,34.87,61.23,54.44,5136.52,414.54,-15.39,1,7609,2
-3.56,-4.48,36.61,61.07,54.44,5158.34,402.78,-21.27,1,7657,2
-3.29,-1.42,36.02,60.91,54.44,5176.85,391.43,-24.06,1,7708,2
-3.14,0.4,35.96,60.74,54.38,5196.16,382.31,-25.2,1,7759,2
-3.2,3.34,34.06,60.58,54.44,5215.19,375.12,-22.85,1,7812,2
-3,6.38,31.41,60.41,54.44,5234.78,369.96,-17.64,1,7860,2
-3.55,8.19,27.5,60.24,54.38,5252.44,366.93,-10.74,1,7911,2
-3.85,8.66,24.45,60.06,54.44,5271.31,366.7,-3.61,1,7961,2
-4.14,8.33,20.62,59.9,54.44,5289.99,368.64,2.92,1,8027,2
-4.2,5.61,16.54,59.55,54.44,5315.37,375.56,10.51,1,8110,2
-4.17,3.91,14.69,59.35,54.44,5347.74,382.06,13.27,1,8165,2
-3.8,1.02,13.64,59.35,54.44,5369.46,387.41,13.98,1,8189,2
-3.31,-2.35,13.58,59.24,54.44,5379.51,401.81,12.39,1,8236,2
-2.61,-4.96,13.85,59.09,54.44,5399.35,410.59,8.41,1,8290,2
-2.44,-6.67,16.16,58.88,54.44,5422.74,420.41,4.17,1,8339,2
-1.72,-6.7,18.28,58.67,54.44,5444.8,433.51,-2.19,1,8390,2
-1.34,-5.71,20.84,58.46,54.44,5468.61,448.22,-7.1,1,8441,2
-0.98,-4.82,22.98,58.46,54.44,5492.76,458.55,-12.14,1,8494,2
-0.63,-3.77,24.75,58.36,54.44,5518.21,466.9,-16.43,1,8542,2
-0.26,-1.98,25.38,58.2,54.44,5541.84,477.04,-18.82,1,8594,2
-0.3,1.77,25.03,58.08,54.44,5567.81,485.6,-19.05,1,8646,2
-0.15,4.1,24.77,57.96,54.38,5594.15,493.45,-18.95,1,8700,2
-0.22,6.34,22.93,57.82,54.44,5621.86,500.65,-16.89,1,8748,2
-0.39,8.41,20.47,57.7,54.44,5646.9,508.76,-14.17,1,8799,2
-0.36,9.93,17.78,57.57,54.38,5673.8,515.71,-11.24,1,8850,2
-0.84,10.99,15.39,57.44,54.44,5701.03,522.54,-7.32,1,8903,2
-1.1,9.79,12.87,57.31,54.44,5729.58,528.46,-2.98,1,8951,2
-1.25,8.31,10.93,57.2,54.38,5755.71,534.34,0.72,1,9001,2
-1.48,6.95,9.69,57.07,54.44,5783.13,539.52,3.73,1,9052,2
-1.6,4.95,8.36,56.98,54.44,5811.22,543.22,5.8,1,9107,2
-1.63,2.78,7.72,56.86,54.44,5841.54,545.5,7.13,1,9156,2
-1.71,1.02,7.43,56.73,54.44,5868.66,547.64,7.48,1,9207,2
-1.76,-0.77,7.39,56.62,54.44,5896.87,548.62,6.93,1,9258,2
-1.4,-3.75,7.57,56.5,54.38,5925.01,548.31,4.82,1,9312,2
-1.28,-5.5,8.44,56.39,54.44,5954.69,546.98,2.65,1,9360,2
-0.94,-6.05,9.93,56.28,54.44,5980.9,544.48,0.1,1,9410,2
-0.81,-6.29,11.59,56.16,54.38,6008,541.05,-2.22,1,9461,2
-0.38,-6.46,13.19,56.04,54.44,6035.42,537.17,-5.07,1,9511,2
-0.06,-6.31,14.84,55.92,54.44,6062.04,532.46,-7.84,1,9565,2
0.06,-5.43,16.24,55.81,54.38,6090.45,526.84,-10.01,1,9614,2
0.42,-4.32,17.71,55.7,54.38,6115.82,519.94,-12.25,1,9666,2
0.59,-2.91,18.99,55.59,54.38,6142.34,512.51,-14.08,1,9717,2
0.69,-0.77,19.42,55.48,54.38,6167.91,504.48,-14.95,1,9771,2
0.79,1.8,18.83,55.37,54.38,6194.52,496.12,-14.95,1,9819,2
0.72,3.59,17.95,55.25,54.38,6217.66,486.76,-14.62,1,9870,2
0.75,5.09,16.87,55.15,54.38,6241.77,477.44,-13.94,1,9920,2
0.5,6.62,15.09,55.03,54.44,6264.95,468.32,-12.57,1,9974,2
0.51,8.02,13.16,54.92,54.38,6289.49,459.22,-11.28,1,10021,2
0.37,9.74,11.13,54.81,54.38,6310.31,449.02,-10.31,1,10072,2
0.34,10.39,8.84,54.71,54.38,6332.44,439.53,-8.8,1,10123,2
0.08,10.59,6.21,54.6,54.38,6354.08,430.09,-7.29,1,10177,2
0.04,9.99,4.42,54.48,54.38,6376.57,421.45,-5.56,0,10225,2
-0.17,8.78,2.56,54.37,54.44,6396.09,412.45,-3.9,0,10276,2
-0.25,7.28,1.34,54.28,54.38,6416.36,403.4,-2.4,0,10327,2
-0.42,5.38,0.15,54.18,54.38,6436.18,394.52,-1.35,0,10381,2
-0.46,3.28,-0.53,54.09,54.38,6456.72,386.04,-0.55,0,10429,2
-0.51,1.26,-0.54,53.99,54.44,6474.5,376.88,-0.11,0,10481,2
-0.44,-0.46,-0.42,53.9,54.38,6493.35,368.3,-0.27,0,10531,2
-0.33,-1.68,0.35,53.77,54.38,6511.1,360.42,-0.33,0,10585,2
-0.2,-3.3,1.32,53.68,54.38,6529.9,353.02,-1,0,10633,2
-0.1,-4.45,2.19,53.58,54.38,6546.22,345.23,-1.97,0,10684,2
0.13,-5.23,4,53.49,54.38,6563.24,338.09,-2.78,0,10735,2
0.4,-6.3,5.23,53.4,54.38,6579.91,331.19,-4.53,0,10789,2
0.55,-6.36,6.46,53.31,54.38,6597.24,324.75,-5.67,0,10837,2
0.85,-5.99,8.19,53.21,54.38,6612.32,318.08,-6.86,0,10889,2
1.01,-5.27,9.64,53.11,54.38,6628.42,312.42,-8.15,0,10940,2
1.19,-3.78,11.19,53.01,54.38,6643.96,307.23,-9.05,0,10991,2
1.32,-1.96,12.41,52.92,54.38,6659.3,302.6,-9.9,0,11044,2
1.47,0.13,12.84,52.83,54.44,6675.07,298.62,-10.41,0,11092,2
1.54,1.99,12.97,52.74,54.31,6689.13,294.43,-10.9,0,11144,2
1.45,3.8,12.44,52.63,54.38,6704.3,291.69,-10.91,0,11196,2
1.52,5,12.24,52.53,54.38,6719.39,289.54,-11.24,0,11250,2
1.45,6.37,11.1,52.44,54.31,6734.97,287.66,-10.89,0,11298,2
1.37,7.74,9.88,52.35,54.38,6748.79,286.45,-10.65,0,11349,2
1.33,8.78,8.66,52.28,54.38,6763.41,285.3,-10.4,0,11400,2
1.34,9.45,7.25,52.18,54.38,6778.06,285.02,-9.87,0,11453,2
1.19,10.1,5.41,52.07,54.38,6793.38,285.75,-9.4,0,11501,2
1.26,10.36,3.96,51.99,54.38,6807.34,287.07,-9,0,11551,2
1.15,10.45,2.58,51.9,54.38,6821.98,288.69,-8.49,0,11602,2
0.92,9.88,0.71,51.82,54.38,6837.01,290.56,-7.74,0,11657,2
0.89,9.34,-0.68,51.72,54.38,6853.36,292.75,-7.24,0,11706,2
0.86,8.18,-2.01,51.62,54.38,6868.15,296.08,-6.57,0,11757,2
0.79,7.06,-3.16,51.54,54.38,6883.72,299.65,-6.09,0,11808,2
0.84,5.2,-4.06,51.45,54.38,6899.51,303.46,-5.5,0,11862,2
0.72,4.12,-4.56,51.37,54.38,6916.4,307.05,-5.11,0,11910,2
0.62,2.98,-4.86,51.3,54.38,6931.65,311.26,-4.68,0,11960,2
0.77,1.45,-4.68,51.22,54.38,6947.74,315.42,-4.29,0,12011,2
0.84,0.07,-4.67,51.14,54.38,6964.35,319.52,-4.29,0,12064,2
0.87,-0.92,-4.34,51.04,54.38,6981.87,323.88,-4.15,0,12112,2
1.1,-2.3,-3.68,50.95,54.38,6998.02,329.05,-4.27,0,12164,2
1.1,-3.09,-2.96,50.86,54.38,7015.74,333.82,-4.21,0,12216,2
1.09,-3.86,-1.97,50.79,54.38,7033.7,338.45,-4.18,0,12270,2
1.38,-4.73,-1.02,50.71,54.38,7052.55,342.61,-4.65,0,12318,2
1.41,-5.35,0.33,50.62,54.31,7069.58,347.48,-4.89,0,12369,2
1.51,-5.53,1.56,50.54,54.38,7087.89,352.05,-5.11,0,12420,2
1.53,-5.47,2.63,50.46,54.38,7106.41,356.35,-5.38,0,12470,2
1.73,-5.28,4.09,50.37,54.38,7124.81,361.01,-5.79,0,12524,2
1.78,-5.21,5.03,50.29,54.38,7144.86,364.83,-6.33,1,12571,2
1.87,-4.25,6.21,50.22,54.38,7162.52,369.01,-6.44,1,12622,2
2.11,-3.86,7.61,50.15,54.31,7181.78,372.03,-7.37,1,12673,2
2.22,-2.71,8.4,50.06,54.38,7201.23,375.33,-7.63,1,12727,2
2.3,-1.82,9.03,49.99,54.38,7221.93,377.87,-8.08,1,12775,2
2.31,-0.37,9.56,49.92,54.38,7240.43,380.34,-8.32,1,12826,2
2.37,0.95,9.69,49.84,54.38,7260.18,382.35,-8.53,1,12877,2
2.46,1.91,9.84,49.75,54.38,7280.03,384.33,-8.94,1,12931,2
2.42,3.64,9.4,49.65,54.31,7301.12,386.05,-8.9,1,12980,2
2.47,4.62,9.12,49.56,54.38,7320.39,388.16,-9.23,1,13031,2
2.66,5.67,9.08,49.49,54.38,7340.48,389.64,-9.82,1,13081,2
2.7,6.72,8.29,49.41,54.31,7360.23,390.86,-9.88,1,13161,2
2.62,7.62,7.36,49.33,54.38,7391.68,390.28,-9.82,1,13184,2
2.46,8.91,6.49,49.27,54.38,7400.79,391.95,-10.08,0,13232,2
2.5,9.49,5.6,49.21,54.38,7419.72,391.72,-10.12,0,13283,2
2.35,10.48,4.37,49.14,54.31,7439.75,390.68,-10.29,0,13337,2
2.43,10.81,3.37,49.06,54.38,7460.87,389.41,-10.28,0,13385,2
2.29,10.98,2.34,48.98,54.38,7479.57,388.04,-10.02,0,13436,2
2.3,10.92,0.92,48.91,54.38,7499.33,386.33,-9.79,0,13487,2
2.32,10.58,-0.33,48.84,54.38,7518.96,384.21,-9.47,0,13541,2
2.28,9.89,-1.7,48.77,54.38,7539.58,381.59,-8.97,0,13590,2
2.29,9.08,-2.75,48.7,54.38,7558.12,378.62,-8.54,0,13641,2
2.08,8.04,-3.82,48.62,54.38,7577.25,375.52,-8.02,0,13691,2
2,7.01,-4.46,48.56,54.38,7595.82,372.06,-7.49,0,13745,2
1.97,6.2,-4.88,48.5,54.38,7615.63,368.21,-7.06,0,13794,2
2,5.18,-5.13,48.44,54.31,7633.33,363.44,-6.56,0,13846,2
2,4.21,-5.44,48.36,54.38,7651.89,358.88,-6.23,0,13897,2
2.07,3.09,-5.64,48.3,54.38,7669.81,353.97,-5.97,0,13948,2
1.92,1.97,-5.84,48.23,54.38,7687.48,348.96,-5.77,1,14002,2
2.06,1.2,-5.56,48.16,54.38,7705.91,343.96,-5.44,1,14050,2
2.15,-0.11,-5.34,48.08,54.38,7722.02,338.68,-5.35,1,14100,2
2.14,-1.08,-4.95,48.01,54.38,7738.54,333.48,-5.22,1,14151,2
2.2,-2.14,-4.6,47.94,54.38,7755.13,328.27,-5.34,1,14204,2
2.28,-3,-3.9,47.86,54.38,7772.13,323.36,-5.32,1,14264,2
2.25,-3.79,-2.96,47.73,54.31,7791.24,319.87,-5.22,1,14338,2
2.43,-4.49,-2.01,47.73,54.38,7814.41,315.32,-5.37,1,14361,2
2.56,-4.94,-1.27,47.67,54.38,7821.18,303.87,-5.58,1,14413,2
2.63,-5.34,-0.09,47.6,54.38,7836.55,298.64,-5.72,1,14461,2
2.64,-5.01,1.05,47.54,54.38,7850.45,293.08,-5.45,1,14511,2
2.87,-5.24,2.09,47.47,54.38,7864.67,287.78,-5.91,1,14562,2
2.84,-5.02,3.24,47.4,54.38,7878.94,282.8,-6.02,1,14617,2
2.96,-4.64,4.18,47.35,54.38,7894.05,277.75,-6.24,1,14666,2
1.78,-3.76,4.92,47.05,54.38,7907.81,278.4,-5.34,1,14717,2
0.62,-2.99,5.52,46.36,54.38,7923.72,294.3,-4.57,1,14768,2
1,-2.35,6.53,46.21,54.38,7940.64,312.2,-5.17,1,14835,2
3.04,-3.65,7.03,46.12,54.38,7963.49,325.45,-7.8,1,14916,2
3.43,-2.08,7.68,46.24,54.31,7991.18,332.38,-7.96,1,14970,2
3.15,-0.25,7.73,46.24,54.38,8010.25,341.6,-7.4,1,14993,2
3.47,0.38,8.58,46.82,54.38,8017.66,330.89,-8.31,1,15054,2
3.62,1.26,8.83,46.78,54.31,8037.32,325.33,-8.7,1,15092,2
3.52,2.34,8.86,46.72,54.31,8049.17,317.47,-8.84,1,15144,2
3.73,3.34,8.86,46.66,54.38,8065.17,311.41,-9.26,1,15196,2
3.6,4.62,8.38,46.6,54.31,8080.83,305.08,-9.22,1,15247,2
3.71,5.54,8.17,46.53,54.31,8095.86,298.8,-9.59,1,15301,2
3.78,6.38,7.65,46.46,54.38,8111.5,293,-9.75,1,15349,2
3.71,7.43,6.84,46.4,54.31,8125.06,286.62,-9.83,1,15400,2
3.72,7.71,6.05,46.34,54.31,8139.17,280.54,-9.69,1,15450,2
3.53,8.87,5.19,46.3,54.38,8152.67,274.19,-9.95,1,15504,2
2.27,9.25,4.19,46.05,54.38,8167.42,272.64,-9.06,1,15551,2
1.95,9.68,3.5,45.4,54.38,8181.62,286.44,-8.99,1,15602,2
2.01,8.85,3.26,45.25,54.31,8197.82,301,-8.35,1,15653,2
1.56,9.68,1.56,45.21,54.31,8214.69,314.87,-8.42,1,15708,2
2.03,10.42,1.05,45.16,54.38,8233.48,327.21,-9.19,0,15757,2
3.18,9.92,0.16,45.13,54.38,8250.87,339.94,-9.48,0,15808,2
3.35,9.72,-0.77,45.2,54.38,8269.22,348.73,-9.43,0,15859,2
3.36,9.47,-1.66,45.71,54.31,8286.58,343.3,-9.29,0,15913,2
3.31,9.06,-2.46,45.75,54.38,8304.43,335.69,-9.02,0,15960,2
3.32,8.67,-3.13,45.7,54.38,8319.49,326.88,-8.77,0,16011,2
3.26,8.06,-3.97,45.64,54.38,8335.44,318.71,-8.56,0,16061,2
3.28,7.48,-4.52,45.58,54.38,8350.65,310.32,-8.32,0,16115,2
3.27,6.94,-5.18,45.52,54.31,8366.66,302.28,-8.23,0,16163,2
3.24,6.02,-5.66,45.46,54.38,8380.44,293.59,-7.96,0,16215,2
3.21,5.08,-6.16,45.4,54.38,8394.98,285.56,-7.8,0,16267,2
3.34,4,-6.2,45.33,54.38,8409.12,277.75,-7.47,0,16321,2
3.27,3.26,-6.63,45.28,54.38,8423.4,270.07,-7.46,0,16369,2
2.34,2.38,-6.62,45.18,54.38,8435.76,262.86,-6.65,0,16420,2
1.72,1.63,-6.57,44.56,54.31,8449.9,269.29,-6.07,1,16471,2
1.88,0,-6.18,44.38,54.31,8464.68,278.67,-5.9,1,16521,2
2.05,-0.93,-5.35,44.31,54.38,8479.69,288.61,-5.48,1,16574,2
1.6,-0.51,-5.58,44.27,54.38,8496.02,297.55,-5.11,0,16622,2
1.8,-1.83,-4.67,44.23,54.38,8511.29,306.94,-4.98,0,16673,2
2.27,-1.79,-4.08,44.18,54.31,8527.88,315.2,-4.78,0,16724,2
3.46,-2.58,-3.85,44.15,54.38,8544.8,322.54,-5.71,0,16778,2
3.58,-3.06,-3.13,44.28,54.38,8562.58,324.98,-5.63,0,16826,2
3.73,-3.45,-2.7,44.74,54.38,8577.29,314.68,-5.73,0,16877,2
3.63,-3.65,-2.06,44.7,54.31,8592.39,304.43,-5.54,0,16928,2
3.77,-4.02,-1.45,44.64,54.38,8607,294.42,-5.69,0,16983,2
3.87,-4.09,-0.82,44.58,54.38,8622.26,284.98,-5.66,0,17031,2
3.89,-4.25,-0.19,44.53,54.38,8635.01,274.47,-5.72,0,17081,2
3.95,-4.47,0.36,44.48,54.38,8647.81,264.28,-5.92,0,17132,2
3.52,-4.88,1,44.33,54.38,8660.59,256.58,-5.97,0,17186,2
2.91,-4.8,1.29,43.79,54.38,8674.91,260.12,-5.57,0,17234,2
2.85,-4.69,2.26,43.64,54.38,8688.09,266.51,-5.61,0,17285,2
2.69,-4.35,3.15,43.61,54.31,8702.31,271.84,-5.53,0,17336,2
3.64,-5.33,4.27,43.55,54.31,8716.8,277.08,-7.24,0,17390,2
2.98,-3.1,4.95,43.5,54.31,8732.37,281.86,-5.73,0,17438,2
3.48,-3.1,5.4,43.45,54.38,8746.5,287.3,-6.45,0,17490,2
2.99,-2.17,5.66,43.4,54.31,8762.01,291.88,-5.94,0,17541,2
3.36,-1.17,5.92,43.35,54.38,8777.45,296.51,-6.07,0,17594,2
3.49,-0.67,6.49,43.32,54.31,8793.63,299.96,-6.48,0,17642,2
4.48,-0.34,7.01,43.3,54.38,8808.42,303.08,-7.61,0,17693,2
5.19,0.19,7.3,43.43,54.38,8823.82,301.48,-8.36,0,17745,2
4.89,0.98,7.2,43.81,54.38,8838.4,289.91,-8.1,0,17797,2
4.92,1.81,7.41,43.76,54.38,8852.36,278.2,-8.35,0,17851,2
4.98,2.23,7.48,43.73,54.38,8866.24,266.53,-8.62,0,17899,2
3.96,3.78,7.34,43.53,54.31,8878.22,257.18,-7.99,0,17950,2
3.23,4.7,7.62,43.06,54.38,8891.53,258.15,-7.95,0,18000,2
3.73,4.33,6.69,42.95,54.31,8904.75,260.41,-7.9,0,18054,2
3.38,5.81,6.36,42.9,54.38,8919.14,262.6,-7.95,0,18101,2
3.77,5.34,5.97,42.86,54.31,8931.77,264.73,-8.04,0,18152,2
3.87,6.46,6.18,42.82,54.38,8945.54,266.48,-8.77,0,18203,2
3.52,7.17,5.29,42.79,54.38,8959.35,267.76,-8.47,0,18258,2
3.43,8.11,4.89,42.74,54.31,8974.27,268.56,-8.81,0,18307,2
3.06,8.78,4.15,42.68,54.38,8987.66,269.95,-8.71,0,18358,2
4.39,8.06,4.5,42.64,54.31,9001.6,270.74,-9.47,0,18409,2
3.67,9.29,3.14,42.6,54.38,9015.59,271.51,-9.33,0,18463,2
3.62,9.82,2.69,42.56,54.31,9030.36,271.58,-9.58,0,18510,2
3.84,9.58,1.99,42.52,54.31,9043.23,271.73,-9.49,0,18561,2
3.64,9.2,1.71,42.48,54.38,9057.16,271.55,-9.03,0,18611,2
3.79,9.29,1.32,42.44,54.31,9070.79,271.05,-9.15,0,18665,2
3.82,8.89,0.78,42.41,54.31,9085.42,270.04,-8.84,0,18713,2
3.5,9.94,-0.04,42.35,54.31,9098.38,269.16,-9.33,0,18765,2
3.76,9.34,-0.7,42.33,54.31,9112.32,267.61,-9.12,0,18817,2
3.72,8.78,-1.2,42.29,54.38,9126.15,265.93,-8.74,0,18871,2
3.58,8.3,-1.92,42.25,54.31,9140.38,263.74,-8.44,0,18919,2
4,8.02,-1.68,42.21,54.38,9152.91,261.57,-8.39,0,18970,2
3.77,8.74,-2.94,42.16,54.38,9166.12,259.37,-9,0,19021,2
3.45,8.71,-3.34,42.13,54.38,9179.19,256.85,-8.77,0,19071,2
3.39,7.46,-3.74,42.09,54.38,9191.84,254.13,-8.1,0,19125,2
3.85,6.73,-4.34,42.05,54.31,9205.34,251.14,-8.23,0,19172,2
3.43,7.16,-4.55,42.01,54.31,9216.92,247.9,-8.12,0,19223,2
3.67,6.26,-5.24,41.98,54.31,9229.29,244.34,-8.17,0,19274,2
3.94,5.43,-5.19,41.94,54.31,9241.47,240.82,-7.87,0,19328,2
3.49,6.16,-5.72,41.9,54.31,9254.18,237.18,-7.98,0,19376,2
3.78,4.53,-5.93,41.86,54.31,9265.26,233.27,-7.73,0,19427,2
3.83,4.42,-6.17,41.8,54.31,9276.89,229.81,-7.77,0,19478,2
4.02,3.37,-6.36,41.76,54.31,9288.33,226.3,-7.73,0,19532,2
3.52,3.7,-6.68,41.73,54.38,9300.27,222.91,-7.51,0,19580,2
3.79,3.24,-6.78,41.7,54.31,9310.65,218.83,-7.55,0,19632,2
4.02,2.05,-6.68,41.66,54.38,9321.74,215.23,-7.5,0,19682,2
3.63,1.98,-6.63,41.62,54.31,9332.18,211.27,-7.06,0,19736,2
4.04,0.21,-6.93,41.59,54.31,9343.25,207.36,-7.64,0,19784,2
3.85,0.78,-6.06,41.54,54.38,9352.9,203.51,-6.7,0,19835,2
3.84,0.47,-5.86,41.51,54.31,9362.95,199.6,-6.5,0,19886,2
3.94,-0.26,-6.06,41.48,54.38,9372.8,195.74,-6.76,0,19940,2
3.97,-0.57,-5.65,41.45,54.38,9383.03,191.9,-6.5,0,19988,2
4.22,-1.05,-5.1,41.42,54.31,9391.88,187.43,-6.41,0,20039,2
4.22,-1.78,-5.08,41.38,54.31,9401.1,183.47,-6.58,0,20091,2
4.18,-1.6,-4.58,41.34,54.38,9410.32,179.78,-6.1,0,20145,2
4.21,-2.29,-4.09,41.31,54.31,9419.68,175.93,-6.13,0,20220,2
4.29,-2.58,-3.7,41.26,54.38,9432.57,173.15,-6.09,0,20244,2
4.24,-2.37,-2.99,41.23,54.31,9436.42,166.39,-5.59,0,20295,2
4.31,-2.37,-2.9,41.19,54.38,9444.65,163.29,-5.55,0,20347,2
4.14,-3.49,-2.32,41.17,54.31,9452.85,159.96,-5.86,0,20401,2
4.4,-3.68,-2.21,41.12,54.31,9461.23,156.95,-6.11,0,20449,2
4.71,-3.38,-1.75,41.09,54.31,9468.53,153.93,-6.01,0,20500,2
4.71,-3.23,-0.82,41.05,54.31,9476.15,151.19,-5.72,0,20551,2
4.6,-3.54,-0.97,41.01,54.31,9483.67,148.72,-5.86,0,20604,2
4.9,-4.39,-0.28,40.98,54.31,9491.38,146.53,-6.57,0,20652,2
4.75,-3.7,-0.19,40.94,54.31,9498.27,144.53,-6,0,20702,2
5.1,-3.64,0.1,40.9,54.25,9505.36,142.66,-6.23,0,20753,2
5.52,-3.5,0.66,40.88,54.38,9512.54,141.14,-6.48,0,20808,2
5.75,-3.6,0.98,40.94,54.31,9519.97,137.55,-6.76,0,20856,2
5.76,-3.51,1.35,41.22,54.38,9525.58,126.62,-6.77,0,20908,2
5.83,-3.31,1.83,41.21,54.31,9531.13,116.14,-6.8,0,20959,2
5.86,-3.22,2.14,41.17,54.31,9536.06,105.85,-6.87,0,21013,2
5.97,-3.05,2.67,41.14,54.31,9540.82,96.52,-7.01,0,21061,2
5.94,-2.66,2.97,41.11,54.31,9544.54,86.49,-6.91,0,21111,2
5.99,-2.52,3.24,41.07,54.38,9548.02,77.55,-7.04,0,21162,2
6.08,-2.21,3.68,41.03,54.31,9551.17,69.19,-7.17,0,21215,2
6.18,-1.79,4.07,40.98,54.31,9554.11,61.95,-7.27,0,21263,2
6.15,-1.49,4.27,40.95,54.31,9556.42,54.59,-7.29,0,21314,2
6.2,-1.2,4.51,40.91,54.38,9558.63,48.56,-7.4,0,21366,2
6.27,-0.81,4.94,40.88,54.31,9560.62,43.03,-7.61,0,21421,2
6.27,-0.4,5,40.84,54.38,9562.54,38.53,-7.6,0,21469,2
6.34,-0.03,5.13,40.81,54.31,9563.99,34,-7.72,0,21520,2
6.29,0.36,5.39,40.77,54.31,9565.4,30.48,-7.83,0,21571,2
6.38,0.77,5.47,40.74,54.38,9566.7,27.55,-7.96,0,21622,2
6.37,1.41,5.54,40.71,54.38,9567.9,25.18,-8.03,0,21690,2
6.43,1.75,5.65,40.65,54.31,9569.52,24.07,-8.25,0,21767,2
6.43,2.4,5.67,40.6,54.25,9571.37,23.46,-8.37,0,21822,2
6.49,2.81,5.77,40.6,54.31,9572.66,23.06,-8.6,0,21846,2
6.51,3.14,5.63,40.57,54.38,9573.29,24.6,-8.67,0,21896,2
6.55,3.63,5.75,40.54,54.31,9574.64,25.34,-8.92,0,21944,2
6.58,4.08,5.46,40.51,54.38,9576.04,26.93,-8.96,0,21996,2
6.57,4.54,5.31,40.49,54.31,9577.65,28.59,-9.06,0,22048,2
6.65,4.98,5.21,40.45,54.31,9579.42,30.82,-9.29,0,22102,2
6.65,5.4,5.04,40.42,54.31,9581.41,33.41,-9.42,0,22150,2
6.63,5.92,4.61,40.39,54.31,9583.39,36.97,-9.47,0,22201,2
6.67,6.33,4.41,40.37,54.31,9585.69,40.63,-9.65,0,22251,2
6.64,6.69,4.07,40.34,54.31,9588.18,44.81,-9.74,0,22305,2
6.64,7.1,3.72,40.31,54.31,9591.1,48.9,-9.86,0,22352,2
6.67,7.26,3.29,40.28,54.31,9593.94,54.29,-9.88,0,22403,2
6.6,7.74,2.94,40.24,54.31,9597.33,59.86,-10.01,0,22454,2
6.64,7.98,2.55,40.21,54.31,9601.04,65.86,-10.12,0,22509,2
6.71,8.11,2.12,40.18,54.31,9605.36,71.65,-10.2,0,22558,2
6.66,8.24,1.69,40.15,54.31,9609.59,78.57,-10.2,0,22609,2
6.64,8.36,1.25,40.12,54.31,9614.34,85.32,-10.21,0,22660,2
6.66,8.5,0.76,40.09,54.38,9619.48,92.45,-10.29,0,22711,2
6.65,8.51,0.24,40.07,54.25,9624.96,99.41,-10.27,0,22764,2
6.6,8.53,-0.14,40.04,54.31,9631.03,106.46,-10.24,0,22812,2
6.63,8.4,-0.63,40.01,54.31,9636.97,114.49,-10.21,0,22863,2
6.57,8.33,-0.97,39.98,54.31,9643.64,122.04,-10.14,0,22913,2
6.62,8.24,-1.39,39.95,54.31,9650.58,129.9,-10.15,0,22967,2
6.51,8.12,-1.97,39.93,54.31,9658.44,137.04,-10.07,0,23028,2
6.46,8.07,-2.15,39.89,54.25,9667.62,143.12,-9.99,0,23085,2
6.49,7.73,-2.45,39.87,54.31,9676.61,149.69,-9.86,0,23119,2
6.06,7.55,-2.86,39.76,54.31,9682.71,164.11,-9.48,0,23173,2
6.01,7.11,-3.1,39.52,54.25,9693.05,177.13,-9.24,0,23221,2
5.68,6.91,-3.98,39.45,54.31,9703.12,192.81,-9.15,0,23272,2
5.87,6.75,-3.86,39.43,54.38,9714.49,207.2,-9.09,0,23322,2
5.72,6.29,-3.8,39.41,54.31,9726.32,221.27,-8.68,0,23376,2
5.92,5.91,-4.02,39.38,54.31,9739.71,233.87,-8.71,0,23423,2
5.68,5.83,-4.75,39.37,54.31,9752.08,247.81,-8.77,0,23474,2
5.84,5.13,-4.93,39.34,54.31,9766.04,260.04,-8.7,0,23525,2
5.7,5.38,-5,39.32,54.31,9780.57,271.67,-8.6,0,23579,2
5.7,4.81,-5.06,39.3,54.31,9796.44,281.97,-8.4,0,23627,2
5.87,4.4,-5.05,39.27,54.31,9811.12,293.06,-8.36,0,23678,2
5.82,4.37,-5.31,39.25,54.31,9827.14,302.73,-8.37,0,23729,2
6.03,4.09,-5.2,39.23,54.31,9843.56,311.54,-8.34,0,23783,2
6.37,3.44,-5.44,39.23,54.31,9861.25,318.62,-8.6,0,23832,2
5.71,2.86,-5.92,39.29,54.31,9877.46,323.79,-8.21,0,23883,2
6.53,2.71,-5.42,39.45,54.31,9894.08,323.95,-8.47,0,23933,2
6.57,2.39,-5.38,39.42,54.31,9910.33,323.55,-8.4,0,23987,2
6.61,2.08,-5.45,39.4,54.31,9927.78,322.37,-8.39,0,24035,2
6.64,1.75,-5.42,39.37,54.31,9943.17,320.55,-8.33,0,24086,2
6.64,1.48,-5.27,39.35,54.25,9959.34,317.88,-8.18,0,24137,2
6.67,1.06,-5.24,39.32,54.31,9975.32,314.72,-8.16,0,24188,2
6.7,0.79,-5.02,39.3,54.31,9991.07,310.87,-8.02,0,24242,2
6.67,0.46,-5.02,39.28,54.31,10007.48,306.43,-7.98,0,24291,2
6.73,0.2,-4.76,39.26,54.25,10022.04,300.95,-7.87,0,24342,2
6.78,-0.08,-4.5,39.23,54.31,10036.9,295.28,-7.76,0,24393,2
6.8,-0.35,-4.24,39.21,54.31,10051.41,288.99,-7.66,0,24446,2
6.78,-0.61,-4.02,39.18,54.31,10066.12,282.39,-7.56,0,24494,2
6.74,-0.89,-3.75,39.17,54.31,10078.99,274.43,-7.45,0,24546,2
6.44,-0.96,-3.46,39.03,54.31,10092.78,269.07,-7.05,0,24598,2
6.6,-1.58,-3.1,38.84,54.31,10106.61,266.71,-7.26,0,24652,2
6.36,-1.44,-2.98,38.8,54.25,10120.82,264.18,-6.91,0,24700,2
6.23,-1.11,-2.54,38.78,54.31,10133.27,261.04,-6.48,0,24751,2
6.66,-1.55,-2.06,38.78,54.25,10146.26,257.1,-6.89,0,24802,2
6.52,-1.91,-2.06,38.74,54.31,10159.04,253.11,-6.91,0,24855,2
6.78,-2.29,-1.52,38.72,54.31,10172.08,248.79,-7.18,0,24903,2
6.65,-2.22,-1.39,38.69,54.31,10183.61,243.79,-7.01,0,24953,2
6.68,-2.09,-1.36,38.68,54.31,10195.34,238.46,-6.95,0,25004,2
6.54,-1.93,-0.91,38.65,54.31,10207.01,232.92,-6.7,0,25058,2
6.72,-1.7,-0.41,38.64,54.31,10219.05,227.19,-6.7,0,25107,2
6.61,-1.97,-0.44,38.61,54.31,10229.61,220.66,-6.74,0,25159,2
6.72,-1.74,0.02,38.59,54.31,10240.47,214.12,-6.72,0,25210,2
6.85,-1.91,0.31,38.58,54.31,10250.75,207.08,-6.93,0,25264,2
6.68,-1.67,0.61,38.56,54.31,10261.24,200.07,-6.7,0,25312,2
7.1,-1.61,0.85,38.54,54.31,10270.13,191.98,-7.09,0,25362,2
7.18,-1.61,1.46,38.52,54.31,10278.99,183.96,-7.25,0,25413,2
7.05,-1.56,1.27,38.49,54.31,10287.63,176.04,-7.12,0,25466,2
7.18,-1.54,1.5,38.48,54.31,10296.19,168.12,-7.29,0,25514,2
7.2,-1.1,1.7,38.46,54.31,10303.47,159.32,-7.2,0,25565,2
7.09,-0.93,1.73,38.44,54.31,10310.79,150.84,-7.08,0,25617,2
7.19,-0.74,2.16,38.43,54.31,10317.82,142.37,-7.22,0,25669,2
7.21,-0.4,2.29,38.4,54.31,10324.4,133.93,-7.2,0,25723,2
7.27,-0.5,2.39,38.39,54.31,10330.8,125.67,-7.36,0,25771,2
7.22,-0.16,2.51,38.36,54.31,10336.02,116.69,-7.28,0,25822,2
7.25,-0.11,2.81,38.34,54.31,10341.16,108.18,-7.43,0,25872,2
7.46,-0.02,2.8,38.32,54.25,10345.75,99.52,-7.65,0,25926,2
7.39,0.38,2.73,38.3,54.25,10350.32,91.57,-7.51,0,25973,2
7.46,0.51,3.06,38.29,54.31,10353.83,82.67,-7.7,0,26024,2
7.62,0.32,3.19,38.28,54.31,10357.26,74.47,-7.98,0,26075,2
7.63,0.97,3.06,38.27,54.31,10360.28,66.32,-7.87,0,26129,2
7.44,0.84,3.22,38.25,54.31,10363.09,58.79,-7.82,0,26177,2
7.57,1.54,3.04,38.23,54.31,10365.18,50.7,-7.83,0,26228,2
7.65,1.49,3.06,38.22,54.31,10367.03,43.08,-7.97,0,26279,2
7.99,1.74,3.16,38.21,54.25,10368.48,35.31,-8.35,0,26333,2
7.45,2.56,2.43,38.27,54.31,10369.53,26.98,-7.58,0,26382,2
8.07,2.16,3.24,38.39,54.25,10369.71,14.93,-8.55,0,26433,2
8.09,2.46,3.19,38.36,54.31,10369.41,4.14,-8.59,0,26483,2
8.14,2.58,3.18,38.34,54.31,10368.61,-6.28,-8.7,0,26537,2
8.15,2.89,3.19,38.32,54.25,10367.29,-15.75,-8.76,0,26585,2
8.15,3.02,3.08,38.3,54.31,10365.62,-25.51,-8.79,0,26636,2
8.15,3.38,3.04,38.29,54.25,10363.44,-34.54,-8.85,0,26687,2
8.16,3.55,3.01,38.27,54.31,10360.85,-42.89,-8.91,0,26741,2
8.17,3.7,2.96,38.26,54.31,10357.77,-50.29,-8.99,0,26789,2
8.19,4,2.74,38.25,54.31,10354.64,-57.98,-9.03,0,26840,2
8.21,4.25,2.68,38.23,54.31,10351.02,-64.73,-9.11,0,26892,2
8.21,4.4,2.49,38.22,54.31,10347.06,-70.78,-9.14,0,26946,2
8.23,4.59,2.36,38.21,54.31,10342.69,-76.1,-9.22,0,26993,2
7.94,5,2.31,38.16,54.25,10338.67,-80.95,-9.05,0,27044,3
7.75,5.16,1.98,38,54.31,10334.5,-81.62,-8.89,0,27106,3
7.83,5.12,1.81,37.95,54.31,10329.53,-81.16,-8.96,0,27150,3
8.2,5.26,2,37.95,54.25,10326.08,-79.89,-9.41,0,27199,3
8.28,5.23,1.58,38.11,54.31,10321.98,-82.01,-9.44,0,27279,3
8.21,5.47,1.54,38.11,54.31,10315.25,-83.49,-9.46,0,27303,3
8.26,5.5,1.22,38.11,54.25,10313.12,-86.14,-9.49,0,27351,3
8.31,5.66,1.09,38.09,54.25,10308.92,-87.03,-9.6,0,27405,3
8.32,5.7,0.95,38.08,54.31,10304.22,-87.27,-9.64,0,27453,3
8.35,5.74,0.77,38.07,54.31,10300.09,-86.83,-9.68,0,27503,3
8.34,5.72,0.57,38.05,54.31,10295.87,-85.82,-9.67,0,27554,3
8.33,5.84,0.41,38.03,54.31,10291.69,-84.12,-9.69,0,27608,3
8.3,5.77,0.26,38.02,54.31,10287.4,-82.05,-9.64,0,27657,3
8.3,5.84,0,38,54.31,10283.69,-79.02,-9.66,0,27709,3
8.29,5.83,-0.2,37.99,54.25,10279.94,-75.81,-9.66,0,27760,3
8.29,5.89,-0.41,37.98,54.25,10276.48,-72.05,-9.68,0,27814,3
8.28,5.85,-0.62,37.96,54.25,10273.05,-68.06,-9.67,0,27862,3
8.33,5.78,-0.69,37.95,54.31,10270.31,-62.75,-9.69,0,27912,3
8.28,5.73,-0.94,37.94,54.31,10267.75,-57.27,-9.64,0,27963,3
8.31,5.7,-1.07,37.91,54.25,10265.44,-51.45,-9.66,0,28016,3
8.31,5.59,-1.21,37.9,54.31,10263.39,-45.38,-9.63,0,28064,3
8.31,5.48,-1.33,37.89,54.31,10261.93,-38.17,-9.59,0,28115,3
8.3,5.42,-1.49,37.88,54.25,10260.72,-31.21,-9.56,0,28167,3
8.28,5.36,-1.64,37.86,54.25,10259.88,-23.95,-9.53,0,28222,3
8.25,5.21,-1.82,37.85,54.25,10259.37,-16.89,-9.47,0,28270,3
8.31,5.21,-1.87,37.84,54.25,10259.4,-8.5,-9.5,0,28321,3
8.32,5.05,-2.04,37.82,54.25,10259.82,-0.4,-9.48,0,28372,3
8.29,4.95,-2.13,37.82,54.31,10260.68,7.86,-9.42,0,28438,3
8.27,4.86,-2.27,37.8,54.31,10262.11,14.32,-9.35,0,28518,3
8.3,4.62,-2.35,37.78,54.25,10264.17,19.46,-9.32,0,28574,3
8.31,4.49,-2.44,37.78,54.25,10266.17,27.23,-9.29,0,28599,3
8.31,4.39,-2.54,37.76,54.25,10267.8,45.98,-9.26,0,28645,3
8.31,4.25,-2.6,37.75,54.25,10270.86,55.86,-9.21,0,28709,3
8.38,4.22,-2.61,37.74,54.31,10275.38,62.76,-9.23,0,28749,3
8.32,4.04,-2.71,37.73,54.25,10278.82,74.02,-9.14,0,28800,3
8.34,3.84,-2.68,37.72,54.25,10283.52,82.6,-9.09,0,28851,3
8.36,3.66,-2.72,37.71,54.25,10288.63,91,-9.07,0,28905,3
8.36,3.57,-2.75,37.7,54.25,10294.43,98.69,-9.03,0,28952,3
8.36,3.45,-2.82,37.7,54.25,10299.93,107.44,-8.99,0,29003,3
8.4,3.38,-2.81,37.69,54.25,10306.25,115.14,-8.99,0,29053,3
8.39,3.22,-2.74,37.68,54.31,10312.84,122.93,-8.92,0,29107,3
8.41,3.03,-2.78,37.67,54.25,10320.25,129.53,-8.91,0,29155,3
8.39,2.94,-2.75,37.66,54.25,10327.21,136.81,-8.84,0,29207,3
8.43,2.83,-2.76,37.65,54.25,10335.04,143.13,-8.85,0,29258,3
8.45,2.72,-2.75,37.65,54.25,10343.01,149.15,-8.83,0,29313,3
8.47,2.59,-2.65,37.63,54.25,10351.86,154.4,-8.79,0,29361,3
8.44,2.51,-2.66,37.62,54.25,10359.88,160.17,-8.75,0,29412,3
8.45,2.35,-2.58,37.62,54.25,10368.61,165.08,-8.71,0,29462,3
8.49,2.29,-2.47,37.61,54.25,10377.38,169.69,-8.69,0,29516,3
8.5,2.21,-2.46,37.6,54.25,10387.01,173.35,-8.67,0,29563,3
8.55,2.02,-2.39,37.59,54.25,10395.58,177.27,-8.7,0,29614,3
8.49,1.99,-2.29,37.59,54.25,10405,180.36,-8.59,0,29665,3
8.56,1.95,-2.22,37.58,54.25,10414.52,182.91,-8.62,0,29719,3
8.54,1.9,-2.16,37.57,54.25,10424.68,184.81,-8.57,0,29768,3
8.58,1.81,-2.01,37.57,54.25,10433.96,186.47,-8.57,0,29820,3
8.58,1.79,-1.95,37.56,54.25,10443.83,187.54,-8.55,0,29871,3
8.61,1.71,-1.83,37.55,54.25,10453.52,188.09,-8.54,0,29925,3
8.62,1.72,-1.75,37.54,54.25,10463.75,188.09,-8.53,0,29972,3
8.61,1.64,-1.65,37.53,54.25,10472.62,187.8,-8.5,0,30023,3
8.64,1.65,-1.59,37.52,54.25,10482.18,186.98,-8.5,0,30074,3
8.66,1.63,-1.46,37.52,54.25,10491.64,185.67,-8.5,0,30124,3
8.7,1.6,-1.41,37.51,54.25,10500.82,183.93,-8.53,0,30178,3
8.67,1.65,-1.32,37.5,54.25,10510.59,181.78,-8.48,0,30226,3
8.73,1.61,-1.24,37.49,54.25,10519.11,179.07,-8.53,0,30277,3
8.69,1.61,-1.18,37.48,54.25,10528,175.99,-8.49,0,30328,3
8.7,1.68,-1.12,37.47,54.25,10536.69,172.56,-8.49,0,30382,3
8.71,1.72,-1.04,37.47,54.25,10545.67,168.81,-8.49,0,30430,3
8.77,1.65,-1,37.46,54.25,10553.39,164.26,-8.56,0,30481,3
8.78,1.75,-0.91,37.45,54.25,10561.36,159.6,-8.55,0,30532,3
8.79,1.82,-0.86,37.45,54.25,10569.04,154.55,-8.56,0,30586,3
8.78,1.83,-0.75,37.44,54.25,10576.9,149.38,-8.55,0,30634,3
8.8,1.86,-0.73,37.43,54.25,10583.55,143.37,-8.58,0,30685,3
8.83,1.86,-0.71,37.43,54.25,10590.3,137.3,-8.62,0,30736,3
8.81,1.95,-0.62,37.42,54.25,10596.71,130.9,-8.6,0,30790,3
8.83,1.93,-0.56,37.43,54.25,10603.14,124.39,-8.63,0,30838,3
8.84,2.04,-0.58,37.42,54.25,10608.45,117.02,-8.65,0,30889,3
8.86,2.04,-0.57,37.41,54.19,10613.73,109.67,-8.68,0,30940,3
8.84,2.13,-0.53,37.4,54.19,10618.61,102.16,-8.67,0,30994,3
8.83,2.19,-0.45,37.4,54.25,10623.4,94.94,-8.67,0,31042,3
8.87,2.24,-0.54,37.4,54.25,10627.21,86.65,-8.72,0,31094,3
8.86,2.26,-0.55,37.39,54.25,10630.96,78.82,-8.73,0,31144,3
8.84,2.38,-0.55,37.38,54.25,10634.13,70.66,-8.71,0,31198,3
8.82,2.36,-0.48,37.39,54.25,10637.15,62.84,-8.7,0,31246,3
8.87,2.44,-0.51,37.38,54.25,10639.37,54.05,-8.76,0,31298,3
8.89,2.47,-0.51,37.38,54.25,10641.38,45.87,-8.79,0,31350,3
8.84,2.55,-0.53,37.37,54.25,10642.96,37.68,-8.75,0,31404,3
8.85,2.57,-0.55,37.37,54.25,10644.18,29.75,-8.78,0,31452,3
8.83,2.61,-0.65,37.37,54.25,10644.81,20.99,-8.77,0,31502,3
8.88,2.65,-0.66,37.36,54.25,10645.06,12.6,-8.83,0,31553,3
8.88,2.67,-0.67,37.36,54.25,10644.9,4.4,-8.84,0,31604,3
8.83,2.69,-0.73,37.36,54.25,10644.34,-3.66,-8.8,0,31657,3
8.89,2.74,-0.82,37.35,54.25,10643.37,-11.36,-8.87,0,31717,3
8.86,2.68,-0.87,37.35,54.25,10641.92,-18.17,-8.84,0,31774,3
8.86,2.68,-0.82,37.35,54.19,10640.12,-25.25,-8.85,0,31808,3
8.85,2.69,-0.86,37.35,54.19,10638.52,-36.32,-8.84,0,31863,3
8.85,2.77,-0.9,37.34,54.19,10635.8,-43.24,-8.85,0,31911,3
8.86,2.7,-0.99,37.34,54.19,10633.02,-50.83,-8.86,0,31962,3
8.84,2.68,-1.07,37.34,54.19,10629.75,-57.75,-8.85,0,32012,3
8.85,2.6,-1.06,37.34,54.19,10626.21,-64.54,-8.86,0,32066,3
8.83,2.69,-1.12,37.34,54.25,10622.11,-70.47,-8.83,0,32114,3
8.83,2.68,-1.19,37.34,54.19,10618.14,-76.86,-8.84,0,32164,3
8.82,2.61,-1.24,37.33,54.25,10613.75,-82.51,-8.82,0,32215,3
8.83,2.56,-1.16,37.33,54.25,10609.03,-87.76,-8.82,0,32269,3
8.81,2.51,-1.25,37.33,54.19,10603.79,-92.6,-8.8,0,32318,3
8.84,2.52,-1.19,37.33,54.19,10598.8,-97.39,-8.81,0,32370,3
8.82,2.4,-1.24,37.33,54.25,10593.33,-101.52,-8.78,0,32421,3
8.79,2.38,-1.34,37.33,54.25,10587.78,-105.34,-8.76,0,32475,3
8.8,2.29,-1.25,37.33,54.19,10581.75,-108.68,-8.75,0,32523,3
8.17,-0.94,-1.51,37.33,54.19,10576.24,-111.9,-8.32,0,32573,3
16.92,-0.5,-4.53,37.33,54.19,10570.36,-115.17,-17.33,0,32624,3
-29.52,0.32,0.72,37.34,54.19,10564.29,-115.8,29.3,0,32677,3
-28.7,3.06,-8.25,37.38,54.19,10557.92,-116.8,27.56,0,32725,3
14.78,-8.89,18.34,37.34,54.25,10552.15,-118.77,-13.19,0,32776,3
18.83,-3.28,-5.04,37.29,54.19,10546.05,-119.72,-19.54,0,32827,3
5.97,3.05,-1.61,37.28,54.19,10539.98,-119.41,-5.76,0,32881,3
5.88,5.08,-11.75,37.22,54.19,10533.72,-117.72,-6.96,0,32929,3
6.32,-11.13,-5.02,37.3,54.19,10528.14,-117.12,-8.48,0,32980,3
-17.68,9.34,36.85,37.27,54.25,10522.39,-113.76,26.21,0,33031,3
-6.16,-14.41,24.32,37.24,54.19,10516.88,-110.05,15.57,0,33085,3
-0.04,-6.06,-0.23,37.04,54.19,10511.67,-102.98,2.49,0,33133,3
-2.14,4.84,-9.58,37.09,54.19,10507.37,-96.1,-0.15,0,33184,3
-16.64,6.6,-12.42,36.85,54.19,10503.65,-83.76,14.59,0,33235,3
-6.08,1.54,-1.88,36.74,54.19,10500.79,-69.54,5.32,0,33286,3
1.65,-1.83,3.05,36.76,54.19,10498.63,-55.95,-3.27,0,33340,3
-16.82,2.76,-8.66,36.81,54.19,10496.93,-42.87,18.66,0,33388,3
-30.7,16.11,-32.27,36.87,54.19,10496.1,-28.4,42.64,0,33439,3
-34.17,-2.2,-24.95,36.78,54.19,10496.06,-13.17,35.87,0,33490,3
-38.14,13.68,-21.19,36.46,54.25,10497.44,7.76,17.33,0,33544,3
-43.6,-10.04,-3.7,36.24,54.19,10500.3,29.76,-15.88,0,33593,3
-32.06,9.64,7.3,36.47,54.19,10503.7,48.83,-20.47,0,33643,3
-30.34,-3.59,-1.21,36.6,54.19,10507.77,63.95,-30.11,0,33694,3
-20.81,9.25,1.1,37.06,54.19,10511.72,69.8,-20.11,0,33748,3
28.53,36.96,-0.71,37.25,54.19,10515.83,74.33,36.16,0,33796,3
25.33,4.89,0.01,37.24,54.19,10519.72,78.48,24.06,0,33848,3
24.95,-21.16,16.8,37.22,54.19,10524.15,83,33.32,0,33900,3
30.32,-6.65,1.74,37.22,54.19,10528.78,87.08,29.37,0,33954,3
17.62,0.33,0.83,37.24,54.19,10533.71,89.7,15.78,0,34002,3
11.54,-0.31,1.33,37.26,54.19,10538.17,91.47,10.37,0,34053,3
29.85,-0.23,5.42,37.27,54.19,10542.95,93.63,28.85,0,34103,3
9.03,-2.52,-4.87,37.27,54.19,10547.69,94.27,6.93,0,34157,3
8.73,0.3,-7.02,37.27,54.19,10552.8,94.61,6.76,0,34204,3
14.94,0.8,-6.69,37.27,54.19,10557.25,94.92,14.16,0,34255,3
19.83,3.16,-8.76,37.27,54.13,10562.05,95.19,20.41,0,34306,3
16.19,10.98,-4.3,37.28,54.19,10566.84,95.06,16.83,0,34386,3
3.96,4.53,0.1,37.28,54.19,10574.33,94.45,4.57,0,34410,3
5,0.23,1.56,37.28,54.13,10576.42,90.71,4.75,0,34457,3
6.28,-1.25,-0.65,37.28,54.13,10580.5,88.84,5.91,0,34509,3
1.19,1.8,-1.2,37.28,54.13,10584.9,86.62,1.26,0,34564,3
-0.11,1.22,-2.71,37.28,54.19,10589.43,84.35,-0.31,0,34612,3
-1.19,3.51,-2.83,37.27,54.19,10593.23,81.57,-1.42,0,34663,3
-5.26,9.86,1.1,37.27,54.19,10597.12,78.53,-5.76,0,34713,3
-5.27,7.32,10.76,37.25,54.19,10600.79,75.61,-6.69,0,34767,3
-10.22,4.83,-1.1,37.24,54.19,10604.61,72.65,-9.7,0,34814,3
-0.39,7.9,-1.37,37.21,54.13,10607.8,70.09,0.99,0,34865,3
0.26,18.13,-9.08,37.13,54.19,10611.3,69.59,7.7,0,34916,3
-0.15,23.79,-12.54,37.05,54.19,10614.92,70.61,12.21,0,34970,3
6.46,29.61,-8.67,36.99,54.19,10618.92,73.05,19.84,0,35019,3
-1.73,9.16,-2.48,36.98,54.19,10622.65,74.55,2.4,0,35071,3
-3.69,9.83,-1.6,37.01,54.13,10626.56,74.8,0.08,0,35122,3
-5.81,5.68,2.01,37.07,54.19,10630.29,73.66,-3.92,0,35173,3
-4.9,2.08,5.29,37.18,54.13,10633.71,70.12,-3.86,0,35241,3
-4.33,-2.51,3.76,37.2,54.19,10638.09,66.93,-4.04,0,35318,3
-6.24,-2.45,2.25,37.2,54.13,10642.78,63.48,-6.1,0,35373,3
-6.01,0.23,2.83,37.2,54.13,10645.8,58.81,-5.85,0,35396,3
-1.1,-0.48,4.03,37.23,54.19,10646.63,47.36,-1.04,0,35447,3
1.64,-0.74,11.65,37.26,54.13,10648.46,41.59,1.52,0,35495,3
0.3,2.12,9.43,37.28,54.13,10649.81,34.76,0.12,0,35546,3
-1.72,1.81,6.04,37.3,54.19,10650.9,27.89,-1.97,0,35597,3
-3.11,1.53,3.7,37.33,54.13,10651.56,20.26,-3.22,0,35651,3
-0.85,2.01,3.64,37.35,54.13,10651.86,12.81,-0.97,0,35701,3
0.36,3,1.65,37.36,54.13,10651.68,4.58,0.93,0,35752,3
2.18,3.48,0.38,37.37,54.13,10651.08,-3.52,3.17,0,35803,3
4.79,4.2,2.82,37.38,54.19,10650.07,-11.47,5.21,0,35856,3
12.5,2.17,2.35,37.39,54.13,10648.62,-19,10.93,0,35904,3
4.94,4.21,1.17,37.39,54.13,10646.86,-27.63,5.83,0,35954,3
0.76,-0.28,1.04,37.4,54.13,10644.62,-36.18,0.2,0,36005,3
1.47,-0.73,0.65,37.41,54.19,10641.94,-44.34,0.68,0,36059,3
6.19,1.13,-0.95,37.42,54.13,10638.69,-51.91,5.96,0,36107,3
2.27,2.52,-2.16,37.42,54.19,10635.38,-60.29,3.63,0,36159,3
0.42,-0.47,-2.04,37.42,54.19,10631.43,-67.99,0.58,0,36211,3
-2.91,-2.07,0.43,37.43,54.19,10627.1,-75.67,-3.55,0,36265,3
-0.43,-2.41,-0.65,37.43,54.13,10622.24,-82.79,-1.3,0,36313,3
-0.01,-4.31,-1.14,37.42,54.13,10617.53,-90.45,-1.58,0,36363,3
2.45,-6.87,-2.21,37.42,54.19,10612.31,-97.27,-0.1,0,36414,3
4.81,-5.81,-3.31,37.43,54.13,10606.68,-103.6,2.59,0,36464,3
4.56,-2.85,-2.88,37.43,54.13,10600.87,-109.69,3.37,0,36518,3
4.52,-3.79,-5.12,37.43,54.13,10594.34,-114.97,3.03,0,36566,3
-2.22,-1.72,-2.93,37.43,54.13,10588.25,-120.85,-2.66,0,36617,3
-4.03,-2.11,-1.71,37.44,54.13,10581.55,-126.15,-4.52,0,36669,3
-3.99,-1.21,-1.1,37.44,54.13,10574.49,-130.99,-4.18,0,36724,3
-5.73,-1.33,-0.82,37.44,54.13,10566.82,-135.26,-5.87,0,36772,3
-6.46,-1.71,-1.58,37.44,54.13,10559.91,-139.61,-6.71,0,36823,3
-4.34,-2.59,-0.01,37.44,54.13,10552.43,-143.15,-4.88,0,36873,3
-2.1,-5.03,1.94,37.43,54.13,10544.98,-145.99,-3.32,0,36927,3
-3.39,-5.48,0.7,37.43,54.13,10536.83,-148.35,-4.63,0,36975,3
-1.31,-8.75,9.79,37.44,54.13,10529.5,-150.52,-4.04,0,37025,3
-6.44,-4.16,3.64,37.45,54.19,10521.79,-152.38,-7.62,0,37076,3
-5.97,-2.74,4,37.46,54.13,10513.85,-154.07,-6.99,0,37130,3
-4.65,-1.05,4.83,37.47,54.13,10505.4,-155.29,-5.57,0,37178,3
-4.48,-1.9,2.85,37.48,54.13,10497.85,-156.24,-5.32,0,37229,3
-6.52,-1.85,3.45,37.49,54.13,10489.81,-157.01,-7.4,0,37280,3
-5.12,-2.41,3.5,37.5,54.13,10481.75,-157.5,-6.29,0,37334,3
-2.77,-2.16,3.51,37.51,54.19,10473.25,-157.4,-4.1,0,37382,3
-2.47,-4.4,3.15,37.53,54.13,10465.7,-157.21,-4.46,0,37433,3
0.33,-5.48,2.37,37.53,54.13,10457.73,-156.59,-2.18,0,37484,3
-0.12,-4.12,2.41,37.55,54.13,10449.81,-155.78,-2.26,0,37538,3
-5.12,-2.35,2.9,37.55,54.13,10441.5,-154.86,-6.25,0,37586,3
-4.68,-3.27,2.28,37.57,54.13,10434.18,-153.59,-6.04,0,37637,3
-1.33,-3.45,2.5,37.58,54.13,10426.49,-152.07,-3.36,0,37688,3
-2.75,-4.06,2.96,37.59,54.13,10418.91,-150.34,-5.03,0,37742,3
-0.77,-2.59,2.41,37.6,54.13,10411,-148.32,-2.63,0,37790,3
-3.96,-5.18,4.35,37.62,54.13,10404.09,-146.08,-7.15,0,37841,3
-1.92,-5.36,4.24,37.62,54.13,10396.89,-143.65,-5.67,0,37892,3
-5.02,-2.35,4.29,37.64,54.13,10389.83,-141.06,-6.79,0,37946,3
-4.43,-2.88,4.04,37.65,54.13,10382.5,-138.4,-6.51,0,37994,3
-3.21,-2.37,3.91,37.66,54.13,10376.18,-135.03,-5.31,0,38045,3
-3.71,-2.44,3.93,37.67,54.13,10369.63,-131.72,-5.74,0,38096,3
-2.56,-1.91,4.09,37.67,54.13,10363.28,-128.08,-4.76,0,38147,3
-1.6,-1.94,4.82,37.68,54.13,10357.13,-124.29,-4.56,0,38202,3
-0.55,-2.33,4.7,37.69,54.13,10350.71,-120.53,-4.12,0,38251,3
1.28,-2.9,4.38,37.7,54.13,10345.24,-115.99,-3.2,0,38302,3
1.32,-3.01,4.72,37.7,54.13,10339.78,-111.43,-3.53,0,38353,3
-0.41,-2.66,4.98,37.71,54.06,10334.56,-106.94,-4.65,0,38406,3
0.65,-2.58,5.05,37.72,54.06,10329.37,-102.36,-4.12,0,38454,3
2.24,-2.07,5.16,37.73,54.13,10324.97,-97.02,-3.15,0,38504,3
7.76,-1.76,4.8,37.74,54.06,10320.62,-91.78,0.26,0,38555,3
5.56,-1.24,6.06,37.74,54.06,10316.46,-86.63,-1.85,0,38609,3
5.18,-1.12,6.58,37.75,54.06,10312.31,-81.71,-2.56,0,38657,3
5.82,-2.61,7.45,37.76,54.13,10308.93,-76.02,-3.41,0,38709,3
8.14,-5.06,6.34,37.77,54.06,10305.51,-70.81,-1.77,0,38761,3
5.66,-0.32,7.13,37.78,54.06,10302.36,-65.68,-3.01,0,38815,3
-0.72,2.12,7.74,37.79,54.06,10299.34,-60.97,-6.92,0,38863,3
-0.33,3.55,6.37,37.8,54.13,10296.96,-55.43,-5.86,0,38913,3
-2.53,6.07,5.09,37.81,54.13,10294.72,-50.21,-6.64,0,38964,3
-3.54,5.44,6.32,37.82,54.06,10292.68,-45.36,-8.49,0,39017,3
-3.05,5.99,5.95,37.82,54.13,10290.81,-40.59,-8.39,0,39065,3
1.23,6.64,5.23,37.83,54.06,10289.38,-35.32,-6.02,0,39116,3
5.56,8.04,5.92,37.83,54.13,10288.12,-30.15,-4.81,0,39167,3
1.28,12.69,6.72,37.85,54.06,10287.08,-25.58,-10.51,0,39222,3
6.27,13.46,6.42,37.85,54.06,10286.17,-21.36,-8.28,0,39271,3
4.88,10.62,4.05,37.86,54.13,10285.62,-16.5,-6.44,0,39322,3
3.76,11.76,3.98,37.88,54.06,10285.23,-12.3,-8.19,0,39373,3
-4.59,11.45,2.64,37.89,54.06,10285.04,-8.51,-12.28,0,39427,3
-4.6,11.32,1.83,37.91,54.06,10284.98,-5.26,-12.11,0,39474,3
-1.61,10.71,1.87,37.92,54.13,10285.12,-1.51,-10.26,0,39525,3
-0.39,11.42,0.6,37.94,54.13,10285.39,1.57,-10.24,0,39575,3
3.26,10.76,-0.97,37.95,54.13,10285.81,4.65,-8.03,0,39626,3
6.5,12.31,-3.41,37.96,54.06,10286.35,7.31,-8.27,0,39680,3
4.63,13.38,-4.78,37.96,54.06,10287.03,9.5,-10.53,0,39728,3
6.88,11.59,-6.06,37.98,54.06,10287.74,11.9,-8.63,0,39779,3
1.9,10.69,-5.45,37.99,54.06,10288.58,13.79,-10.03,0,39830,3
1.98,10.1,-5.69,38,54.06,10289.49,15.45,-9.69,0,39884,3
2.84,9.57,-6.49,38.01,54.13,10290.52,16.78,-9.35,0,39932,3
0.88,8.77,-7.48,38.03,54.06,10291.47,17.92,-10.16,0,39983,3
-0.24,8.07,-8.17,38.03,54.06,10292.51,18.71,-10.57,0,40034,3
4.3,7.03,-9.41,38.04,54.06,10293.56,19.31,-9.1,0,40088,3
1.87,5.67,-10.11,38.05,54.06,10294.67,19.54,-9.95,0,40136,3
1.68,4.31,-10.77,38.06,54.06,10295.66,19.69,-10.09,0,40187,3
2.91,3.32,-10.9,38.07,54.13,10296.71,19.67,-9.48,0,40238,3
0.75,2.36,-10.05,38.08,54.06,10297.71,19.29,-9.25,0,40292,3
4.62,1.04,-10.48,38.09,54.06,10298.73,18.73,-8.21,0,40340,3
2.68,0.64,-10.06,38.1,54.06,10299.58,17.92,-8.41,0,40391,3
0.36,-0.47,-9.43,38.11,54.06,10300.43,16.89,-8.65,0,40453,3
3.22,-1.98,-9.3,38.12,54.06,10301.38,15.7,-7.96,0,40514,3
2.51,-1.08,-8.9,38.13,54.06,10302.22,14.44,-7.32,0,40544,3
4.39,-5.84,-6.9,38.14,54.06,10302.53,12.11,-7.38,0,40595,3
11.86,-5.48,-5.02,38.15,54.06,10303,10.53,-3.93,0,40646,3
8.56,-3.92,-6.81,38.15,54.13,10303.4,8.91,-5.24,0,40700,3
7.23,-5.32,-5.82,38.17,54.06,10303.69,6.93,-5.84,0,40748,3
3.73,-5,-5.34,38.17,54.06,10303.83,4.66,-6.12,0,40801,3
3.35,-5.42,-5.04,38.18,54,10303.85,2.26,-6.32,0,40852,3
7.35,-6.09,-4.44,38.19,54.06,10303.74,-0.19,-5.6,0,40903,3
10.92,-5.9,-3.78,38.2,54.06,10303.48,-2.78,-4.34,0,40951,3
6.05,-5.85,-2.67,38.21,54.06,10303.08,-5.74,-4.95,0,41004,3
4.47,-6.36,-2.61,38.22,54.06,10302.5,-8.56,-5.71,0,41054,3
4.97,-6.69,-1.61,38.23,54,10301.77,-11.8,-5.71,0,41105,3
8.83,-6.49,1.04,38.24,54.06,10300.87,-14.93,-4.56,0,41159,3
4.97,-6.25,0.38,38.25,54.06,10299.74,-18.11,-5.21,0,41207,3
3.65,-5.76,1.24,38.26,54.06,10298.54,-21.67,-5.08,0,41259,3
6.73,-5.52,1.89,38.27,54.06,10297.08,-25.03,-4.48,0,41311,3
4.21,-5.44,2.55,38.28,54.06,10295.44,-28.54,-5.06,0,41365,3
3,-5.29,2.92,38.29,54.06,10293.54,-31.99,-5.32,0,41413,3
2.63,-4.61,3.51,38.3,54.06,10291.65,-35.88,-5.03,0,41491,3
4.44,-5,4.29,38.31,54.06,10288.48,-38.53,-5.48,0,41515,3
7.8,-3.24,6.73,38.32,54.06,10287.18,-46.29,-4.61,0,41566,3
2.75,-4.47,5.35,38.34,54,10284.43,-50.34,-6.07,0,41614,3
5.34,-3.66,5.98,38.35,54.06,10281.62,-54.56,-5.57,0,41664,3
5.57,-3.45,6.52,38.37,54.06,10278.48,-58.84,-5.9,0,41715,3
5,-3.17,6.66,38.38,54.06,10275.07,-63.01,-6.07,0,41769,3
3.63,-2.7,7.72,38.39,54.06,10271.25,-67.02,-6.94,0,41817,3
3.56,-2.06,7.44,38.4,54.06,10267.63,-71.43,-6.55,0,41869,3
4.19,-1.54,8.73,38.41,54,10263.49,-75.62,-7.43,0,41921,3
4.9,-1.31,8.56,38.43,54,10259.15,-79.76,-7.29,0,41989,3
2.79,-0.33,8.77,38.45,54,10253.3,-83.21,-7.7,0,42067,3
9.84,0.31,9.94,38.46,54,10246.38,-86.27,-7.8,0,42122,3
10.03,1.94,9.85,38.46,54,10241.26,-89.89,-7.56,0,42145,3
6.99,2.38,8.81,38.47,54,10238.84,-97.58,-7.21,0,42206,3
3.73,3.56,7.88,38.48,54.06,10232.54,-100.57,-6.89,0,42244,3
5.44,5.63,9.23,38.49,54,10228.39,-105.09,-8.22,0,42295,3
3.31,4.71,8.45,38.5,54,10222.7,-108.44,-8.08,0,42346,3
2.68,5.8,8.53,38.5,54,10216.87,-111.6,-8.55,0,42397,3
5.53,6.94,8.12,38.52,53.94,10210.87,-114.76,-8.38,0,42451,3
4.4,7.94,7.09,38.52,54.06,10204.42,-117.28,-7.82,0,42500,3
4.66,7.33,7.19,38.54,54,10198.41,-120.01,-8.1,0,42552,3
4,6.18,7.92,38.55,54.06,10191.95,-122.35,-8.82,0,42603,3
5.7,7.46,6.5,38.56,54.06,10185.5,-124.49,-7.79,0,42656,3
6.79,6.8,6.66,38.57,54.06,10178.71,-126.42,-7.95,0,42704,3
8.79,8.24,5.38,38.59,54.06,10172.48,-128.26,-7.09,0,42755,3
10.19,6.67,6.36,38.6,54,10165.76,-130.04,-7.73,0,42805,3
5.77,6.81,7.52,38.61,54,10159.11,-131.7,-8.94,0,42859,3
10.28,7.54,5.75,38.63,54.06,10151.87,-133,-7.35,0,42907,3
6.05,7.02,6.71,38.64,54,10145.36,-134.41,-8.27,0,42959,3
5.58,13,11.5,38.66,54,10138.25,-135.97,-14.82,0,43011,3
7.11,9.46,9.37,38.67,54,10131.09,-137.11,-11.69,0,43065,3
4.25,7.99,7.79,38.68,54.06,10123.62,-137.84,-10.05,0,43113,3
3.55,9.72,8.25,38.7,53.94,10116.94,-138.81,-11.48,0,43164,3
7.7,11.44,8.37,38.71,54,10109.82,-139.46,-12.42,0,43214,3
7,9.19,7.46,38.73,54.06,10102.83,-139.84,-10.86,0,43268,3
10.9,13.84,4.2,38.74,54.06,10095.28,-140.07,-10.87,0,43315,3
5.96,11.94,4.05,38.76,54.06,10088.71,-139.97,-10.06,0,43366,3
7.63,10.34,3.83,38.77,54,10081.6,-139.84,-9.11,0,43417,3
5.07,8.78,5.26,38.78,54,10074.52,-139.55,-9.43,0,43472,3
8.28,9.65,3.38,38.79,54,10066.91,-139.05,-8.52,0,43520,3
6.3,8.49,5.69,38.81,54,10060.32,-138.34,-9.75,0,43572,3
5,8.79,6.07,38.83,54.06,10053.23,-137.53,-10.19,0,43623,3
4.85,8.29,5.36,38.84,54,10046.33,-136.52,-9.31,0,43677,3
10.16,7.9,3.48,38.85,54,10039.1,-135.39,-7.98,0,43724,3
7.22,7.83,5.8,38.86,54,10032.89,-133.87,-9.61,0,43775,3
12.48,7.04,3.54,38.87,54,10026.24,-132.21,-7.76,0,43825,3
9.98,8.02,3.94,38.89,54,10019.82,-130.42,-8.14,0,43879,3
8.68,7.68,5.95,38.9,54,10012.98,-128.69,-9.45,0,43927,3
7.12,7.67,6.95,38.91,54,10007.03,-126.49,-10.02,0,43978,3
9.22,8,6.14,38.93,53.94,10000.8,-124.49,-9.38,0,44029,3
7.6,7.59,7.03,38.94,54,9994.7,-122.25,-9.72,0,44083,3
7.91,7.4,7.27,38.96,54,9988.35,-120.16,-9.7,0,44131,3
8.88,6.98,7.62,38.97,54,9982.85,-117.52,-9.78,0,44182,3
7.53,7.08,8.28,38.98,54.06,9977.15,-114.88,-10.17,0,44233,3
7.82,6.36,7.91,39,54,9971.57,-112.27,-9.48,0,44284,3
9.13,6.41,8.32,39.01,54,9966.14,-109.54,-9.76,0,44338,3
10.31,7.55,8.8,39.02,53.94,9960.53,-106.98,-10.3,0,44386,3
11.4,8.18,7.93,39.02,53.94,9955.73,-103.73,-9.37,0,44437,3
10.86,6.5,8.29,39.04,53.94,9950.77,-100.7,-9.33,0,44488,3
7.52,5.96,8.15,39.05,54,9945.98,-97.45,-8.73,0,44542,3
7.17,4.39,8.15,39.07,54,9941.06,-94.44,-8.49,0,44590,3
10.22,4.74,7.92,39.08,54,9936.88,-90.97,-8.25,0,44641,3
12.02,5.31,8.2,39.09,54,9932.59,-87.66,-8.43,0,44692,3
12.46,4.12,7.82,39.11,54,9928.47,-84.4,-8.1,0,44746,3
9.38,3.03,8.03,39.13,54,9924.25,-81.47,-8.1,0,44794,3
7.9,1.66,7.93,39.14,54,9920.69,-78.03,-8.06,0,44845,3
8.25,1.47,7.78,39.15,53.94,9917.04,-74.97,-7.91,0,44896,3
9.54,1.18,7.29,39.16,54,9913.57,-71.69,-7.62,0,44950,3
10.24,1.39,7.47,39.18,53.94,9910.03,-68.8,-7.76,0,44998,3
8.24,1.32,7.58,39.18,54,9907.09,-65.19,-7.59,0,45049,3
7.79,2.05,7.63,39.19,54,9904.12,-61.85,-7.22,0,45102,3
12.95,5.31,6.53,39.19,54,9901.22,-58.44,-5.5,0,45156,3
21.62,10.73,7.85,39.2,54,9898.44,-55.02,-5.26,0,45204,3
14.48,6.9,5.21,39.21,54,9896.19,-51.05,-3.33,0,45254,3
14.64,1.3,8.05,39.22,54,9894,-47.61,-8.2,0,45305,3
7.09,-0.17,7.78,39.24,54,9891.92,-44.38,-7.29,0,45358,3
12.15,-1.54,7.87,39.25,54,9889.9,-41.51,-8.5,0,45406,3
14.64,-2.78,8.43,39.27,53.94,9888.21,-38.65,-9.68,0,45457,3
16.65,-3.88,8.38,39.28,53.94,9886.53,-36.13,-10.4,0,45508,3
11.95,-3.97,7.64,39.29,54,9884.98,-33.55,-9.23,0,45560,3
10.73,-3.96,6.75,39.31,53.94,9883.5,-31.27,-8.44,0,45615,3
9.15,-3.62,6.15,39.32,54,9882.05,-29.1,-7.47,0,45663,3
13.91,-2.31,6.31,39.33,53.94,9880.9,-26.74,-7.06,0,45714,3
10.62,-1.54,6.07,39.33,53.94,9879.79,-24.4,-5.32,0,45764,3
8.89,-2.06,4.65,39.34,54,9878.83,-21.9,-4.77,0,45818,3
9.58,-4.16,3.86,39.34,54,9877.91,-19.7,-6.54,0,45865,3
11.56,-3.89,2.14,39.35,54,9877.23,-17.29,-6.64,0,45916,3
12.07,-3.25,1.26,39.37,54,9876.57,-15.28,-6.21,0,45967,3
14.41,-2.08,0.92,39.38,54,9876,-13.44,-5.81,0,46021,3
12.07,-1.61,1.12,39.39,54,9875.47,-11.81,-4.8,0,46070,3
11.23,-2.26,2.25,39.4,54,9875.06,-10.24,-5.24,0,46122,3
15.25,-0.7,2.84,39.41,54,9874.69,-8.84,-5.04,0,46173,3
13.77,-1.79,5.06,39.42,53.94,9874.38,-7.76,-6.2,0,46227,3
16.05,0.88,3.47,39.43,53.94,9874.07,-6.87,-4.31,0,46275,3
13.71,-1.87,4.41,39.46,53.94,9873.81,-6.36,-6.64,0,46325,3
11.72,-2.66,5.26,39.48,53.94,9873.53,-6.3,-7.31,0,46376,3
7.47,-3.04,5.85,39.5,53.94,9873.21,-6.5,-7.13,0,46429,3
16.57,-1.82,10.06,39.51,54,9872.86,-6.98,-10.5,0,46477,3
12.57,-1.91,7.81,39.53,54,9872.5,-7.57,-8.64,0,46528,3
10.44,-1.81,8.08,39.54,53.94,9872.06,-8.4,-8.48,0,46579,3
12.32,-1.39,9.37,39.55,53.94,9871.55,-9.5,-9.47,0,46630,3
17.45,-0.89,10.37,39.57,53.94,9870.97,-10.86,-10.79,0,46684,3
9.43,0.37,9.38,39.58,53.94,9870.27,-12.25,-7.92,0,46732,3
11.3,-1.41,9.36,39.59,53.94,9869.55,-13.89,-9.44,0,46783,3
12.27,-2.51,6.9,39.6,53.94,9868.7,-15.62,-8.75,0,46834,3
10.96,-2.12,5.92,39.62,53.94,9867.74,-17.48,-7.57,0,46888,3
15.84,-1.61,5.26,39.62,53.94,9866.63,-19.36,-7.85,0,46936,3
9.55,-0.85,5.29,39.64,53.94,9865.51,-21.46,-5.73,0,46987,3
9.18,-1.49,5.85,39.65,53.94,9864.21,-23.68,-6.25,0,47038,3
11.02,-1.4,5.02,39.67,53.94,9862.79,-26.05,-6.07,0,47092,3
11.97,-0.48,4.07,39.69,53.94,9861.14,-28.47,-4.95,0,47140,3
9.37,-3.89,2.6,39.7,53.94,9859.51,-31.34,-6.76,0,47191,3
12.84,-3.55,1.82,39.72,53.94,9857.64,-34.29,-7.04,0,47242,3
9.13,-5.13,1.79,39.74,53.94,9855.59,-37.46,-7.48,0,47296,3
8.8,-4.32,0.42,39.75,53.94,9853.26,-40.5,-6.4,0,47344,3
10.29,-3.42,0.87,39.77,53.94,9851,-43.99,-5.84,0,47395,3
11.04,-5.24,-0.89,39.79,53.94,9848.41,-47.59,-7.77,0,47446,3
9.27,-5.45,-1.7,39.8,53.94,9845.64,-51.19,-7.6,0,47500,3
14.97,-4.96,-1.67,39.81,53.94,9842.53,-54.74,-8.33,0,47548,3
17.3,-5.88,-2.55,39.83,53.94,9839.55,-58.7,-9.84,0,47600,3
9.42,-6.51,-2.9,39.84,53.88,9836.13,-62.51,-8.85,0,47651,3
8.4,-6.03,-3.48,39.85,53.94,9832.58,-66.27,-8.4,0,47706,3
11.8,-5.65,-4.46,39.87,53.94,9828.56,-69.94,-9.16,0,47754,3
9.17,-5.61,-4.72,39.88,53.88,9824.83,-74.03,-8.77,0,47804,3
7.03,-5.04,-4.49,39.89,53.94,9820.78,-77.77,-7.81,0,47855,3
6.67,-5.32,-4.25,39.91,53.94,9816.46,-81.46,-8,0,47906,3
8.15,-4.42,-3.87,39.91,53.94,9811.96,-85.01,-7.53,0,47959,3
14.12,-1.59,-1.41,39.93,53.94,9807.12,-88.3,-5.82,0,48007,3
11.43,-4.2,-3.04,39.93,53.94,9802.55,-91.84,-8.15,0,48058,3
10.77,-3.57,-2.63,39.95,53.94,9797.56,-95.08,-7.31,0,48110,3
7.5,-4.62,-3.52,39.96,53.88,9792.3,-98.28,-7.61,0,48165,3
9.82,-4.15,-2.23,39.97,53.94,9786.6,-101.12,-7.39,0,48213,3
7.53,-4.54,-1.3,39.98,53.94,9781.46,-104.15,-6.77,0,48264,3
8.23,-3.65,-0.91,40,53.94,9775.88,-106.94,-6.11,0,48314,3
7.72,-3.87,-0.86,40.01,53.94,9770.27,-109.61,-6.19,0,48368,3
8.72,-3.78,-0.56,40.02,53.94,9764.11,-111.96,-6.42,0,48415,3
10.82,-2.12,0.2,40.03,53.94,9758.62,-114.37,-5.44,0,48466,3
15.81,-1.14,1.09,40.04,53.94,9752.57,-116.56,-5.92,0,48517,3
10.73,-4.11,-0.51,40.06,53.94,9746.43,-118.67,-7.26,0,48597,3
9,-4.47,-1.69,40.07,53.88,9736.73,-120.23,-7.26,0,48622,3
8.16,-4.5,-2.8,40.08,53.88,9733.55,-123.53,-7.3,0,48670,3
10.01,-3.81,-3.33,40.1,53.94,9727.47,-125.27,-7.37,0,48722,3
10.28,-3.14,-3.49,40.11,53.88,9720.8,-126.85,-6.91,0,48791,3
14.4,0.72,-3.88,40.13,53.94,9711.9,-127.94,-4.76,0,48868,3
11.69,-1.14,-4.62,40.15,53.88,9701.92,-128.94,-5.86,0,48923,3
8.14,-4.31,-5.82,40.15,53.88,9694.76,-129.78,-8.18,0,48946,3
12.49,-4.44,-6.61,40.17,53.94,9691.72,-130.93,-9.44,0,48997,3
11.85,-3.92,-7.02,40.19,53.88,9684.96,-131.89,-8.91,0,49045,3
7.09,-4.01,-7.44,40.21,53.88,9678.56,-132.73,-8.45,0,49096,3
6.52,-3.62,-7.39,40.23,53.88,9671.72,-133.53,-8.05,0,49147,3
8.69,-2.74,-9.5,40.25,53.88,9664.84,-134.3,-8.95,0,49209,3
5.82,-3.68,-8.51,40.26,53.88,9656.47,-134.9,-8.85,0,49270,3
8.26,-2.99,-9.29,40.28,53.88,9648.22,-135.32,-9.18,0,49301,3
10.89,-1.85,-10.55,40.29,53.94,9644.04,-135.08,-9.62,0,49353,3
8.31,-2.88,-10.32,40.3,53.88,9637.02,-135.22,-10.18,0,49404,3
4.64,-2.24,-10.2,40.31,53.88,9630.16,-135.03,-9.71,0,49457,3
10.63,-1.74,-10.52,40.32,53.88,9623.06,-134.73,-10.21,0,49505,3
7.61,-0.91,-10.5,40.33,53.88,9616.67,-134.06,-9.93,0,49556,3
7.19,-0.91,-10.54,40.34,53.88,9609.94,-133.25,-10.21,0,49606,3
5.3,0.12,-10.37,40.35,53.88,9603.41,-132.13,-9.78,0,49660,3
6.05,2.98,-10.47,40.35,53.94,9596.44,-130.77,-9.19,0,49708,3
10.12,7.66,-10.07,40.37,53.94,9590.35,-128.89,-8.03,0,49760,3
8.59,3.46,-11.15,40.37,53.88,9583.85,-127.2,-10.45,0,49812,3
6.99,4.3,-11.16,40.38,53.88,9577.45,-125.29,-10.45,0,49866,3
9.14,5.78,-10.39,40.39,53.88,9570.94,-123.22,-9.95,0,49914,3
13.39,6.92,-10.04,40.4,53.88,9565.29,-120.56,-10.09,0,49964,3
4.67,4.18,-10.26,40.41,53.88,9559.55,-117.92,-10.28,0,50015,3
5.43,5.04,-10.42,40.42,53.81,9553.82,-115.38,-10.73,0,50068,3
8.86,6.1,-9.99,40.43,53.88,9548.02,-112.64,-10.76,0,50116,3
6.41,7.25,-9.99,40.44,53.88,9542.95,-109.4,-11.22,0,50167,3
7.55,8.02,-9.81,40.45,53.88,9537.72,-106.27,-11.63,0,50218,3
8.73,11.36,-9.29,40.45,53.88,9532.66,-102.98,-12.84,0,50273,3
15.31,17.98,-5.37,40.46,53.88,9527.38,-99.91,-13.41,0,50322,3
7.44,15.04,-4.75,40.47,53.88,9522.88,-96.18,-12.89,0,50373,3
11.69,15.52,-0.41,40.49,53.88,9518.38,-92.56,-11.05,0,50424,3
10.79,13.06,-4.54,40.51,53.88,9514.03,-89.24,-12.67,0,50478,3
9.27,12.7,-4.23,40.53,53.88,9509.58,-86.2,-12.55,0,50525,3
10.18,12.72,-3.2,40.55,53.88,9505.9,-82.56,-12.17,0,50576,3
7.49,14.14,-1.09,40.55,53.88,9502.07,-79.2,-13.09,0,50626,3
8.92,15.53,1.06,40.56,53.81,9498.48,-75.85,-13.8,0,50680,3
5.39,17.67,2.65,40.56,53.88,9494.79,-72.66,-16.06,0,50728,3
7.51,17.53,3.88,40.57,53.81,9491.7,-68.87,-15.31,0,50779,3
7.34,17.29,3.72,40.57,53.88,9488.62,-65.15,-14.79,0,50830,3
4.46,16.31,1.21,40.58,53.88,9485.73,-61.34,-14.41,0,50884,3
4.34,16.59,-1.49,40.6,53.88,9482.83,-58.03,-15,0,50932,3
3.28,16.81,-2.93,40.63,53.88,9480.43,-54.43,-15.57,0,50983,3
8.92,18.46,-1.82,40.64,53.88,9478.04,-51.13,-15.01,0,51034,3
9.7,20,-0.07,40.65,53.88,9475.82,-47.9,-14.88,0,51085,3
3.84,16.17,-2.33,40.65,53.88,9473.77,-44.49,-13.67,0,51139,3
5.69,15.04,-4.06,40.66,53.81,9471.73,-41.53,-13.1,0,51187,3
6.83,13.72,-4.93,40.68,53.81,9470.1,-38.1,-12.26,0,51238,3
7.25,13.2,-4.27,40.69,53.88,9468.52,-34.97,-11.44,0,51289,3
7.8,11.97,-2.43,40.71,53.88,9467.08,-31.88,-9.43,0,51343,3
6.26,13.27,-3.61,40.72,53.88,9465.69,-29.26,-11.57,0,51391,3
4.06,13.71,-2.9,40.73,53.81,9464.58,-26.49,-12.2,0,51442,3
6.18,16.27,-1.3,40.74,53.88,9463.54,-23.99,-13.62,0,51493,3
7.49,16.81,1.44,40.76,53.88,9462.59,-21.73,-13.46,0,51547,3
18.65,24.88,9.99,40.78,53.81,9461.65,-20.26,-18.28,0,51595,3
6.11,16.83,3.99,40.79,53.81,9460.91,-18.38,-14.93,0,51646,3
4.16,13.66,4.64,40.81,53.88,9460.19,-16.73,-12.77,0,51697,3
2.93,13.72,3.32,40.83,53.88,9459.52,-15.35,-12.97,0,51751,3
3.34,13.71,3.57,40.85,53.81,9458.84,-14.53,-12.89,0,51799,3
3.05,13.69,4.02,40.87,53.81,9458.27,-13.63,-13.01,0,51851,3
7.07,14.91,3.48,40.89,53.81,9457.65,-13.26,-12.82,0,51903,3
4.33,14.67,5.09,40.91,53.81,9457.03,-13.1,-13.72,0,51957,3
12.28,18.52,6.65,40.92,53.88,9456.38,-13.12,-15.24,0,52004,3
5.8,18.04,6.17,40.93,53.81,9455.81,-13.19,-16.29,0,52055,3
5.8,19.12,2.38,40.95,53.81,9455.16,-13.65,-16.74,0,52106,3
3.45,14.35,-1.33,40.98,53.81,9454.43,-14.42,-12.99,0,52159,3
5.72,14.07,-2.53,41,53.75,9453.6,-15.52,-12.45,0,52207,3
11.79,13.86,-4.33,41.01,53.81,9452.78,-16.63,-11.42,0,52258,3
6.3,12.89,-4.52,41.03,53.81,9451.84,-18.05,-11.9,0,52310,3
7.06,12.83,-5.06,41.05,53.81,9450.78,-19.59,-11.89,0,52365,3
9.34,12.91,-5.46,41.06,53.81,9449.57,-21.26,-11.62,0,52413,3
7.97,13.06,-6.25,41.07,53.81,9448.42,-23.09,-12.34,0,52464,3
18.13,16.85,-6.35,41.09,53.81,9447.08,-25.12,-13.18,0,52514,3
8.1,13.75,-6.65,41.1,53.81,9445.66,-27.24,-12.98,0,52568,3
9.16,13.11,-6.64,41.11,53.75,9443.99,-29.51,-12.25,0,52616,3
7.57,12.9,-6.51,41.12,53.81,9442.39,-31.83,-12.32,0,52666,3
14.63,13,-6.8,41.14,53.81,9440.6,-34.19,-10.98,0,52717,3
13.65,13.2,-7.45,41.15,53.81,9438.65,-36.59,-11.59,0,52768,3
9.17,13.07,-6.92,41.16,53.81,9436.58,-39.06,-12.13,0,52823,3
7.07,13.32,-6,41.17,53.81,9434.21,-41.47,-12.29,0,52872,3
6.01,14.07,-5.31,41.17,53.81,9431.97,-44.04,-12.8,0,52923,3
8.58,14.73,-4.5,41.18,53.81,9429.52,-46.46,-12.19,0,52974,3
7.58,16.55,-3.8,41.18,53.81,9426.95,-48.87,-13.73,0,53028,3
6.49,19.27,-3.5,41.18,53.81,9424.12,-51.23,-16.34,0,53075,3
4.28,20.24,-0.23,41.2,53.81,9421.52,-53.83,-17.55,0,53126,3
5.23,17.2,1.41,41.21,53.75,9418.57,-56.34,-14.39,0,53176,3
14.38,17.23,3.65,41.23,53.75,9415.54,-58.82,-11.58,0,53230,3
6.97,15.11,8.04,41.25,53.81,9412.14,-61.39,-13.82,0,53278,3
6.17,12.99,7.05,41.29,53.81,9408.94,-64.4,-11.97,0,53329,3
6.23,13.03,7.07,41.31,53.81,9405.38,-67.41,-11.84,0,53380,3
4.17,11.2,8.55,41.32,53.81,9401.67,-70.46,-11.98,0,53434,3
6.05,11.13,9.12,41.34,53.81,9397.6,-73.36,-11.6,0,53482,3
6.55,9.83,8.85,41.34,53.81,9393.82,-76.33,-10.38,0,53533,3
3.33,8.35,9.76,41.35,53.81,9389.67,-79.12,-11.19,0,53584,3
3.16,7.79,10.09,41.36,53.81,9385.4,-81.77,-11.21,0,53638,3
2.47,8.49,10.55,41.36,53.81,9380.76,-84.24,-12.11,0,53686,3
5.43,9.16,11.58,41.37,53.81,9376.51,-86.73,-12.43,0,53737,3
4.9,9.62,13.22,41.38,53.81,9371.88,-89.16,-14.12,0,53788,3
11.47,11.08,13.53,41.39,53.81,9367.14,-91.44,-13.17,0,53842,3
3.4,11.89,8.22,41.41,53.75,9361.99,-93.75,-12.72,0,53890,3
6.01,12.37,6.42,41.43,53.75,9357.29,-96.17,-11.48,0,53941,3
6.32,14.05,5.62,41.44,53.81,9352.2,-98.31,-12.49,0,53992,3
6.74,16.09,3.22,41.47,53.81,9347,-100.57,-13.52,0,54046,3
11.33,19.12,1.52,41.47,53.75,9341.38,-102.78,-14.69,0,54094,3
10.21,19.47,-0.56,41.48,53.75,9336.28,-104.86,-15.49,0,54145,3
13.5,16.67,-1.61,41.49,53.75,9330.79,-106.65,-12.41,0,54196,3
4.54,14.07,-1.35,41.51,53.75,9325.19,-108.49,-12.61,0,54250,3
4.04,13.48,-1.51,41.54,53.81,9319.19,-110.21,-12.38,0,54298,3
9.57,10.64,-1.64,41.56,53.75,9313.75,-111.94,-8.69,0,54349,3
7.86,10.22,-2.94,41.58,53.75,9307.89,-113.57,-8.72,0,54402,3
11.16,11.56,-2.29,41.59,53.75,9301.74,-115.04,-9.37,0,54453,3
6.26,13.35,-1.33,41.6,53.75,9295.75,-116.49,-11.89,0,54507,3
7.9,15.12,-1.06,41.61,53.75,9289.36,-117.84,-13.14,0,54554,3
6.38,16.94,0.96,41.62,53.75,9283.74,-119.11,-15.1,0,54605,3
7.75,20.65,0.77,41.63,53.75,9277.59,-120.3,-18.23,0,54656,3
5.14,17.49,0.39,41.64,53.81,9271.42,-121.11,-15.77,0,54709,3
9.14,17.57,1.13,41.65,53.75,9264.97,-121.87,-15.06,0,54757,3
5.76,14.11,0.95,41.67,53.75,9259.1,-122.31,-12.57,0,54808,3
4.71,13.95,1.68,41.69,53.75,9252.85,-122.76,-12.8,0,54860,3
3.14,14.28,3.02,41.7,53.75,9246.47,-123.07,-13.68,0,54915,3
8.47,15.72,4.21,41.71,53.81,9239.73,-123.21,-14.37,0,54963,3
8.16,16.83,3.64,41.73,53.75,9233.85,-123.28,-15.5,0,55014,3
10.86,17.01,4.66,41.74,53.75,9227.6,-123.32,-15.66,0,55065,3
6.67,13.36,4.22,41.76,53.81,9221.38,-123.01,-12.93,0,55118,3
5.39,12.8,3.72,41.78,53.75,9214.91,-122.83,-12.48,0,55166,3
10.2,12.31,3.97,41.8,53.75,9209.08,-122.36,-11.78,0,55216,3
7.69,11.68,3.74,41.82,53.75,9203.04,-121.92,-11.37,0,55267,3
5.43,11.87,4.11,41.84,53.75,9196.89,-121.49,-11.85,0,55321,3
3.6,11.95,3.7,41.86,53.75,9190.41,-121.08,-11.67,0,55370,3
5.68,10.7,4.19,41.87,53.75,9184.56,-120.39,-10.77,0,55422,3
5.18,10.92,5.29,41.89,53.75,9178.4,-119.69,-11.53,0,55473,3
7.27,10.94,5.96,41.9,53.75,9172.42,-118.81,-11.77,0,55542,3
8.18,11.85,6.84,41.93,53.81,9164.33,-118.51,-12.75,0,55619,3
13.38,15.73,7.92,41.94,53.75,9155.32,-118.51,-15.74,0,55674,3
9.74,11.38,8.37,41.95,53.75,9148.96,-117.4,-13.36,0,55724,3
6.4,10.38,6.98,41.95,53.69,9143.29,-115.75,-11.92,0,55760,3
4.51,10.08,6.58,41.96,53.75,9139.34,-112.83,-11.59,0,55796,3
2.49,10.28,6.58,41.98,53.75,9135.5,-109.91,-11.87,0,55847,3
5.78,9.01,6.29,41.99,53.75,9130.11,-108,-10.65,0,55898,3
6.08,9.69,7.48,42,53.75,9124.84,-106.01,-11.92,0,55952,3
6.65,11.29,7.64,42.01,53.75,9119.36,-104.13,-13.16,0,56002,3
6.46,13.68,8.07,42.02,53.75,9114.41,-101.98,-15.25,0,56053,3
6.85,13.01,7.61,42.03,53.75,9109.48,-99.77,-14.43,0,56104,3
5.35,11.42,6.61,42.04,53.69,9104.66,-97.46,-12.66,0,56157,3
5.04,10.57,6.71,42.06,53.75,9099.78,-95.08,-12.13,0,56205,3
8.2,11.28,6.48,42.07,53.75,9095.51,-92.35,-12.43,0,56255,3
6.04,11.91,6.77,42.09,53.75,9091.18,-89.78,-13.21,0,56306,3
7.37,12.01,6.55,42.1,53.75,9086.9,-87.27,-13.15,0,56360,3
6.99,13.64,5.8,42.12,53.69,9082.47,-85.08,-13.86,0,56408,3
12.53,12.83,7.55,42.13,53.75,9078.68,-82.42,-14.64,0,56460,3
4.33,10.92,6.36,42.16,53.69,9074.66,-80.16,-12.29,0,56512,3
9.39,10.21,6.53,42.17,53.75,9070.78,-77.76,-12.28,0,56563,3
8.21,10.09,6.23,42.19,53.75,9067.09,-75.4,-12,0,56617,3
6.04,9.44,6.22,42.2,53.69,9063.29,-73.29,-11.41,0,56664,3
8.29,9.17,6.57,42.22,53.75,9060.12,-70.64,-11.86,0,56715,3
8.31,8.49,6.48,42.24,53.69,9056.77,-68.46,-11.48,0,56765,3
10.98,7.82,6.29,42.25,53.75,9053.62,-66.1,-11.49,0,56819,3
9.58,8.05,6.53,42.26,53.75,9050.31,-64.08,-11.64,0,56867,3
12.59,8,6.15,42.28,53.69,9047.48,-61.85,-12.04,0,56918,3
12.97,8.13,6.44,42.29,53.69,9044.57,-59.82,-12.54,0,56970,3
13.12,7.77,6.14,42.3,53.69,9041.7,-57.87,-12.26,0,57025,3
6.12,8.16,6.02,42.32,53.69,9038.76,-56.07,-10.69,0,57073,3
17.11,7.71,5.59,42.33,53.75,9036.31,-53.88,-13.09,0,57124,3
8.4,7.76,6.14,42.34,53.69,9033.8,-51.95,-11.26,0,57175,3
11.8,7.6,6,42.35,53.75,9031.39,-49.96,-12.11,0,57228,3
12.78,7.43,6.03,42.36,53.75,9028.97,-48.2,-12.45,0,57276,3
8.38,7.26,6.47,42.38,53.69,9026.88,-46.27,-11.43,0,57326,3
15.37,6.81,4.21,42.39,53.69,9024.77,-44.56,-11.73,0,57377,3
10.76,7.64,5.47,42.4,53.69,9022.7,-43,-11.73,0,57431,3
12.54,7.53,5.46,42.42,53.75,9020.57,-41.67,-12.36,0,57479,3
10.16,7.22,5.93,42.44,53.75,9018.75,-40.11,-11.86,0,57530,3
15.71,7.08,4.99,42.44,53.69,9016.88,-38.88,-13.13,0,57581,3
9.54,7.7,5.08,42.45,53.69,9015.06,-37.61,-11.4,0,57635,3
18.03,8.19,2.74,42.47,53.69,9013.19,-36.63,-13.17,0,57683,3
11.58,7.26,4.41,42.48,53.69,9011.58,-35.41,-11.62,0,57734,3
11.16,7.1,4.48,42.49,53.69,9009.92,-34.4,-11.52,0,57785,3
9.07,7.62,4.56,42.5,53.69,9008.3,-33.41,-11.08,0,57839,3
10.78,7.69,4.77,42.52,53.75,9006.63,-32.67,-12.03,0,57887,3
9.46,7.97,4.91,42.53,53.75,9005.18,-31.75,-11.81,0,57950,3
9.96,7.64,4.57,42.54,53.75,9003.29,-31.42,-11.68,0,58007,3
13.53,7.36,3.11,42.55,53.69,9001.59,-31.04,-12.18,0,58040,3
18.17,6.2,0.47,42.56,53.75,9000.68,-29.58,-11.97,0,58094,3
12.82,6.41,2.04,42.57,53.69,8999.17,-29.19,-10.83,0,58142,3
14.39,6.74,2.24,42.58,53.69,8997.85,-28.7,-11.91,0,58193,3
15.7,5.99,2.01,42.59,53.69,8996.46,-28.39,-11.92,0,58244,3
17.55,5.83,2.4,42.6,53.69,8995.07,-28.25,-12.89,0,58298,3
11.98,6.5,5.19,42.61,53.69,8993.6,-28.27,-12.46,0,58346,3
13.71,6.06,4.61,42.63,53.69,8992.28,-28.24,-12.55,0,58397,3
17.05,4.13,1.87,42.65,53.69,8990.86,-28.43,-11.19,0,58448,3
15.35,3.91,1.29,42.67,53.69,8989.4,-28.88,-9.58,0,58502,3
14.93,5.14,3.97,42.69,53.69,8987.8,-29.66,-11.55,0,58551,3
11.22,4.82,5.17,42.72,53.69,8986.29,-30.55,-10.39,0,58603,3
13.2,3.74,5.1,42.73,53.69,8984.63,-31.62,-10.81,0,58654,3
10.24,3.25,6.53,42.75,53.75,8982.94,-32.76,-10.44,0,58707,3
13.82,5.4,4.97,42.77,53.69,8981.09,-34.19,-10.27,0,58755,3
16.03,3.88,4.65,42.78,53.69,8979.34,-35.68,-10.66,0,58806,3
11.91,2.5,6.03,42.8,53.69,8977.39,-37.31,-10.01,0,58856,3
11.91,1.51,6.27,42.81,53.69,8975.39,-38.97,-10.17,0,58910,3
11.41,0.66,5.95,42.82,53.69,8973.14,-40.64,-9.69,0,58958,3
14.48,0.32,5.7,42.84,53.69,8971.04,-42.55,-10.67,0,59010,3
15.39,-0.62,5.51,42.86,53.69,8968.66,-44.55,-11.08,0,59062,3
15.26,-1.4,4.85,42.87,53.75,8966.18,-46.48,-10.74,0,59116,3
13.76,-1.66,4.68,42.89,53.69,8963.48,-48.58,-10.07,0,59164,3
11.59,-1.68,4.98,42.9,53.75,8960.98,-50.66,-9.38,0,59215,3
17.12,-1.8,1.79,42.92,53.69,8958.2,-52.88,-9.46,0,59265,3
14.08,-1.75,3.67,42.93,53.69,8955.36,-55.1,-9.5,0,59319,3
17.14,0.19,0.76,42.94,53.69,8952.19,-57.13,-7.64,0,59366,3
10.41,-2,3.42,42.95,53.63,8949.3,-59.48,-7.82,0,59417,3
8.47,-2.33,4.66,42.96,53.69,8946.08,-61.58,-7.93,0,59468,3
8.53,-2.43,4.28,42.98,53.69,8942.74,-63.77,-7.72,0,59520,3
11.35,-2.97,4.63,42.99,53.69,8939.22,-66,-9.42,0,59575,3
9.7,-1.4,4.39,43.01,53.63,8935.38,-68.13,-7.45,0,59623,3
16.93,0.82,4.24,43.01,53.69,8931.92,-70.28,-8.65,0,59674,3
15.24,2.07,6.5,43.03,53.69,8928.15,-72.37,-8.04,0,59725,3
21.54,0.95,6.34,43.04,53.69,8924.26,-74.64,-11.09,0,59778,3
14.88,-0.82,6.23,43.06,53.69,8920.1,-76.8,-9.66,0,59826,3
9.45,-3.32,4.44,43.08,53.69,8916.21,-79.16,-8.48,0,59876,3
9.65,-3.43,4.32,43.1,53.69,8912.05,-81.44,-8.55,0,59927,3
9.76,-3.2,4.46,43.12,53.69,8907.68,-83.75,-8.53,0,59981,3
15.74,-0.85,2.76,43.13,53.63,8902.94,-85.99,-8.12,0,60029,3
10.89,-1.98,1.64,43.15,53.63,8898.6,-88.29,-6.41,0,60080,3
11.8,-3.07,3.19,43.16,53.69,8893.91,-90.4,-8.42,0,60131,3
8.44,-3.43,4.14,43.18,53.63,8889.09,-92.64,-7.99,0,60185,3
11.42,-3.57,3.51,43.19,53.63,8883.88,-94.71,-8.72,0,60233,3
7.43,-3.71,3.59,43.21,53.69,8879.15,-96.81,-7.43,0,60284,3
11.14,-3.28,2.1,43.23,53.63,8874.02,-98.89,-7.47,0,60335,3
8.8,-3.15,3.37,43.24,53.63,8868.79,-100.84,-7.29,0,60389,3
10.79,-3.05,3.82,43.25,53.69,8863.18,-102.54,-8.11,0,60437,3
14.47,-1.32,2.8,43.27,53.69,8858.11,-104.27,-7.41,0,60488,3
12.64,-2.14,3.7,43.28,53.63,8852.64,-105.9,-7.84,0,60539,3
9.35,-3.3,4.77,43.29,53.69,8847.11,-107.34,-8.2,0,60593,3
15.07,-1.29,5.68,43.31,53.63,8841.17,-108.85,-8.97,0,60641,3
9.25,-3.19,5.79,43.32,53.63,8835.83,-110.23,-8.62,0,60692,3
10.14,-3.26,5.82,43.33,53.63,8830.1,-111.46,-8.89,0,60743,3
15.59,-2.53,5.7,43.36,53.63,8824.31,-112.75,-9.72,0,60797,3
17.47,-3.2,5.8,43.37,53.63,8818.12,-113.92,-10.6,0,60845,3
5.82,-3.01,6.5,43.39,53.63,8812.57,-114.92,-8.04,0,60896,3
10.47,-2.47,6.99,43.4,53.63,8806.64,-115.84,-9.19,0,60947,3
8.81,-1.31,6.58,43.42,53.63,8800.67,-116.59,-7.8,0,60998,3
13.69,-1.02,6.8,43.43,53.63,8794.67,-117.29,-8.9,0,61052,3
10.91,-1.83,7.07,43.45,53.63,8788.29,-117.93,-8.96,0,61101,3
8.07,-2.02,7.54,43.47,53.63,8782.47,-118.49,-8.9,0,61152,3
10.56,0.08,10.7,43.49,53.69,8776.4,-119.06,-11.09,0,61204,3
8.8,-0.12,9.88,43.51,53.63,8770.17,-119.62,-10.32,0,61258,3
8.94,0.75,9.33,43.53,53.63,8763.7,-120,-9.7,0,61305,3
11.79,1.28,8.66,43.54,53.63,8758.06,-120.12,-9.57,0,61356,3
9.64,0.81,8.86,43.55,53.63,8751.95,-120.22,-9.77,0,61406,3
8.47,0.86,8.71,43.57,53.63,8745.96,-120.14,-9.58,0,61460,3
12.4,1.26,8.66,43.58,53.63,8739.51,-120.04,-10.21,0,61508,3
6.97,2.2,8.73,43.6,53.69,8733.81,-119.56,-9.5,0,61559,3
11.11,2.77,8.23,43.61,53.69,8727.78,-119.11,-9.75,0,61611,3
5.94,3.68,8.89,43.63,53.63,8721.66,-118.66,-9.86,0,61666,3
11.18,4.26,8.93,43.64,53.69,8715.23,-118.04,-10.8,0,61714,3
15.61,4.68,9.74,43.66,53.63,8709.66,-117.29,-12.27,0,61765,3
9.9,6.49,8.81,43.66,53.69,8703.81,-116.29,-11.36,0,61815,3
8.39,7.21,8.29,43.68,53.63,8698.12,-115.31,-11.19,0,61869,3
10.2,8.25,7.9,43.69,53.63,8692.03,-114.33,-11.69,0,61916,3
10.66,8.98,7.68,43.7,53.63,8686.82,-112.89,-12.08,0,61967,3
12.67,9.53,7.8,43.72,53.63,8681.23,-111.6,-12.73,0,62018,3
7.52,10.39,7.39,43.73,53.56,8675.7,-110.31,-12.82,0,62072,3
10.77,11.72,7.68,43.74,53.63,8669.93,-108.97,-14.17,0,62121,3
5.12,12.15,6.42,43.75,53.63,8664.8,-107.2,-13.67,0,62173,3
11.47,13.76,7.16,43.76,53.63,8659.44,-105.6,-15.51,0,62224,3
10.99,13.75,4.94,43.78,53.56,8654.28,-103.84,-14.43,0,62293,3
4.45,13.52,4.11,43.8,53.56,8647.32,-102.93,-14.02,0,62370,3
6.33,14.76,2.61,43.82,53.56,8639.6,-102.25,-14.74,0,62425,3
15.52,15.03,1.42,43.82,53.63,8634.26,-100.16,-14.61,0,62448,3
7.17,14.52,0.88,43.84,53.56,8632.24,-94.13,-14.33,0,62499,3
14.33,14.32,0.09,43.85,53.56,8627.7,-92,-14.02,0,62547,3
13.49,14.77,-0.39,43.87,53.63,8623.55,-89.58,-14.57,0,62598,3
9.53,13.88,-1.03,43.89,53.56,8619.24,-87.44,-13.78,0,62649,3
18.46,16.17,-2.27,43.9,53.56,8615.04,-85.34,-16.11,0,62701,3
8.9,15.19,-1.94,43.93,53.63,8610.86,-83.38,-15.22,0,62783,3
15.45,16.58,-2.33,43.93,53.63,8604.27,-82.78,-16.58,0,62807,3
10.19,15.47,-4.93,43.94,53.63,8602.58,-76.66,-16.21,0,62855,3
10.07,13.83,-6.22,43.96,53.56,8599.18,-74.25,-15.15,0,62906,3
4.07,13.44,-5.64,43.97,53.56,8595.66,-72.05,-14.55,0,62959,3
9.6,14.75,-6.79,43.99,53.56,8592.11,-70.08,-16.2,0,63007,3
5.15,11.98,-6.75,44.01,53.56,8589.01,-67.71,-13.71,0,63058,3
11.09,12.39,-8.15,44.02,53.56,8585.81,-65.67,-14.88,0,63109,3
11.78,10.74,-9.15,44.04,53.63,8582.72,-63.57,-14.29,0,63164,3
6.75,9.92,-9.46,44.06,53.56,8579.46,-61.88,-13.79,0,63213,3
11.64,9.84,-11.16,44.08,53.56,8576.66,-59.99,-15.16,0,63264,3
15.56,9.5,-11.35,44.09,53.56,8573.83,-58.25,-15.2,0,63315,3
9.08,7.97,-10.29,44.11,53.63,8571.09,-56.43,-13.19,0,63368,3
7.42,7.36,-10.56,44.13,53.56,8568.3,-54.9,-12.99,0,63416,3
7.16,6.5,-10.65,44.14,53.63,8565.89,-53.01,-12.57,0,63467,3
6.99,5.85,-10.95,44.15,53.63,8563.39,-51.37,-12.49,0,63517,3
6.71,5.5,-10.98,44.17,53.56,8561.02,-49.81,-12.25,0,63571,3
7.87,5.44,-11.31,44.18,53.56,8558.52,-48.47,-12.43,0,63619,3
7.24,5.39,-12.69,44.19,53.63,8556.39,-46.85,-13.54,0,63671,3
6.86,4.23,-11.74,44.21,53.56,8554.12,-45.61,-12.3,0,63723,3
10.26,3.96,-12.15,44.23,53.56,8551.91,-44.47,-12.67,0,63777,3
6.8,3.4,-11.48,44.24,53.56,8549.67,-43.45,-11.73,0,63825,3
8.84,3.05,-11.58,44.26,53.56,8547.72,-42.31,-11.79,0,63876,3
11.19,2.58,-12.85,44.28,53.56,8545.69,-41.52,-13.03,0,63926,3
14.11,4.95,-12.92,44.29,53.56,8543.73,-40.77,-12.82,0,63980,3
7.6,2.48,-11.47,44.31,53.56,8541.64,-40.2,-11.3,0,64027,3
13.45,2.47,-11.85,44.33,53.56,8539.84,-39.54,-11.81,0,64078,3
6.94,1.62,-10.94,44.34,53.56,8537.92,-39.01,-10.71,0,64129,3
8.56,1.2,-11.09,44.35,53.63,8536.01,-38.54,-10.92,0,64183,3
7.81,1.09,-11.05,44.37,53.56,8533.99,-38.35,-10.78,0,64231,3
6.74,0.93,-11.51,44.38,53.56,8532.22,-38,-11.12,0,64282,3
11.65,1.25,-13.26,44.39,53.56,8530.33,-37.91,-12.76,0,64333,3
9.4,1.68,-12.55,44.41,53.56,8528.44,-37.91,-11.82,0,64387,3
8.75,0.91,-12.07,44.42,53.56,8526.43,-38.03,-11.52,0,64435,3
9.69,0.31,-12.38,44.44,53.56,8524.63,-38.14,-12,0,64486,3
10.6,0.54,-13.42,44.46,53.56,8522.69,-38.53,-12.96,0,64537,3
9.59,0.72,-12.87,44.47,53.56,8520.72,-38.95,-12.4,0,64588,3
8.52,0.88,-12.16,44.49,53.56,8518.72,-39.5,-11.68,0,64642,3
10.58,0.47,-11.53,44.5,53.56,8516.56,-40.16,-11.38,0,64690,3
9.9,-0.07,-11.09,44.52,53.56,8514.59,-40.9,-11.15,0,64741,3
6.81,-0.27,-10.6,44.54,53.56,8512.46,-41.75,-10.57,0,64792,3
8.49,-0.43,-10.63,44.56,53.56,8510.26,-42.72,-10.82,0,64846,3
9.87,-0.44,-10.68,44.57,53.56,8507.89,-43.78,-11.03,0,64894,3
15.01,0.1,-11.14,44.59,53.56,8505.71,-44.97,-11.85,0,64945,3
26.3,1.92,-13.14,44.61,53.56,8503.31,-46.45,-14.4,0,64996,3
14.34,-0.64,-11.1,44.62,53.56,8500.84,-47.9,-12.16,0,65050,3
5.88,-0.25,-10.03,44.64,53.56,8498.14,-49.24,-9.99,0,65098,3
13.01,0.06,-10.82,44.65,53.56,8495.67,-50.71,-11.58,0,65149,3
11.3,2.32,-11.77,44.66,53.5,8492.96,-52.28,-11.31,0,65201,3
12.64,0.13,-10.04,44.68,53.56,8490.12,-53.79,-10.9,0,65256,3
7.07,0.27,-9.9,44.7,53.56,8487.03,-55.31,-9.81,0,65304,3
12.92,1.59,-9.8,44.71,53.56,8484.25,-56.91,-10.11,0,65355,3
18.82,0.12,-9.66,44.73,53.5,8481.2,-58.74,-11.65,0,65406,3
12.03,-1.14,-9.58,44.74,53.56,8478.06,-60.5,-10.86,0,65459,3
11.57,-2.65,-9.52,44.76,53.56,8474.7,-62.36,-11.38,0,65507,3
9.66,-2.98,-9.09,44.78,53.56,8471.54,-64.38,-10.78,0,65557,3
8.93,-3.25,-8.56,44.8,53.5,8468.14,-66.45,-10.32,0,65608,3
10.11,-3.02,-8.29,44.81,53.56,8464.59,-68.37,-10.12,0,65662,3
9.47,-3.36,-8.11,44.83,53.5,8460.72,-70.33,-10.01,0,65711,3
14.33,-3.44,-8.81,44.84,53.56,8457.11,-72.34,-11.45,0,65763,3
9.2,-4.02,-8.09,44.85,53.56,8453.19,-74.2,-10.24,0,65814,3
8.2,-4.35,-7.58,44.87,53.5,8449.23,-76.14,-9.85,0,65868,3
9.57,-4.38,-7.12,44.88,53.5,8444.96,-77.97,-9.8,0,65916,3
11.07,-4.22,-6.94,44.89,53.5,8441.06,-79.85,-9.84,0,65966,3
9.91,-4.24,-6.61,44.91,53.5,8436.91,-81.65,-9.34,0,66017,3
12.16,-4.36,-6.16,44.92,53.56,8432.6,-83.31,-9.67,0,66067,3
9.03,-4.87,-5.34,44.94,53.56,8428.29,-84.97,-8.88,0,66121,3
7.36,-5.18,-4.72,44.96,53.56,8423.55,-86.58,-8.39,0,66169,3
10.47,-4.38,-4.13,44.98,53.5,8419.25,-88.32,-8.25,0,66221,3
10.74,-4.88,-3.75,44.99,53.5,8414.51,-89.93,-8.6,0,66273,3
10.56,-4.9,-2.9,45,53.5,8409.7,-91.46,-8.3,0,66327,3
6.67,-5.93,-2.24,45.02,53.5,8404.63,-92.86,-7.94,0,66375,3
8.81,-5.41,-1.74,45.04,53.5,8400.04,-94.36,-8.01,0,66426,3
13.66,-4.13,-0.88,45.05,53.5,8395.11,-95.73,-8.21,0,66476,3
15.65,-4.14,-0.67,45.07,53.5,8390.21,-97.07,-8.87,0,66530,3
12.13,-5.05,-0.49,45.08,53.5,8384.87,-98.22,-8.63,0,66577,3
12.04,-4.71,-0.1,45.09,53.5,8380.16,-99.37,-8.31,0,66628,3
14,-5.3,0.16,45.11,53.5,8375,-100.45,-9.52,0,66690,3
11.19,-5.2,0.99,45.12,53.5,8368.7,-101.33,-8.69,0,66751,3
9.21,-4.93,1.62,45.13,53.5,8362.46,-102.04,-8,0,66781,3
15.13,-3.78,1.32,45.15,53.44,8359.35,-102.94,-8.98,0,66832,3
11.49,-3.8,1.25,45.16,53.5,8354.06,-103.51,-7.75,0,66883,3
11.92,-4.2,2.1,45.18,53.56,8348.75,-104.01,-8.64,0,66937,3
12.78,-3.69,2.92,45.19,53.5,8343.1,-104.55,-8.99,0,66985,3
15.82,-2.15,2.18,45.2,53.56,8338.07,-104.76,-8.66,0,67036,3
16.2,-2.23,3.6,45.22,53.5,8332.72,-105.08,-9.75,0,67087,3
11.27,-1.89,4.01,45.23,53.5,8327.37,-105.18,-8,0,67141,3
12.24,-1.04,4.56,45.25,53.5,8321.7,-105.28,-8.25,0,67189,3
12.81,-1.21,4.6,45.27,53.44,8316.65,-105.38,-8.72,0,67240,3
11.83,-1.65,5.04,45.28,53.44,8311.29,-105.44,-9.02,0,67291,3
17.36,-0.95,3.89,45.3,53.5,8305.94,-105.43,-9.92,0,67345,3
11.94,-0.63,5.29,45.32,53.5,8300.27,-105.38,-8.82,0,67393,3
11.94,-0.75,5.91,45.34,53.5,8295.26,-105.17,-9.44,0,67444,3
12.23,-0.64,6.41,45.36,53.5,8289.93,-105.04,-9.96,0,67495,3
19.59,1.48,4.62,45.38,53.5,8284.61,-104.88,-10.36,0,67546,3
12.78,0.22,6.2,45.39,53.5,8279.32,-104.58,-9.72,0,67600,3
27.84,1.33,3.95,45.41,53.44,8273.71,-104.58,-12.88,0,67648,3
12.09,0.12,5.76,45.42,53.44,8268.76,-104.06,-9.15,0,67699,3
16.58,0.14,4.91,45.43,53.5,8263.54,-103.47,-9.96,0,67750,3
8.28,-0.16,7.15,45.45,53.44,8258.34,-102.9,-9.07,0,67805,3
16.1,1.19,7.48,45.46,53.44,8252.76,-102.47,-11.5,0,67854,3
11.12,1.02,7.74,45.48,53.44,8247.84,-101.71,-10.12,0,67905,3
21.54,2.61,7.1,45.49,53.44,8242.75,-101.07,-12.47,0,67956,3
14.84,1.69,7.86,45.51,53.5,8237.72,-100.19,-11.27,0,68009,3
11.13,1.74,7.98,45.53,53.44,8232.52,-99.39,-10.15,0,68057,3
10.7,3.54,7.54,45.54,53.5,8227.89,-98.11,-9.05,0,68107,3
12.69,2.66,7.28,45.56,53.44,8223.11,-97.09,-9.75,0,68158,3
10.3,1.56,7.87,45.58,53.44,8218.29,-96.06,-9.86,0,68212,3
10.05,1.18,7.55,45.59,53.44,8213.23,-95.08,-9.64,0,68261,3
13.15,2.46,7.13,45.62,53.44,8208.71,-93.98,-9.89,0,68312,3
8.47,0.8,7.76,45.63,53.5,8204.05,-92.84,-9.46,0,68364,3
15.99,1.61,7.31,45.66,53.44,8199.35,-91.94,-11.24,0,68418,3
15.33,1,7.01,45.66,53.5,8194.53,-90.9,-10.95,0,68466,3
15.08,0.54,6.55,45.68,53.44,8190.31,-89.69,-10.63,0,68516,3
12.5,-0.75,5.31,45.7,53.5,8185.98,-88.35,-9.09,0,68567,3
18.45,-0.48,4.55,45.72,53.5,8181.62,-87.15,-10.3,0,68620,3
14.76,0.12,5.8,45.73,53.5,8177.16,-85.98,-10.02,0,68668,3
16.08,-0.88,5.16,45.75,53.5,8173.19,-84.56,-10.11,0,68719,3
8.39,0.5,7.35,45.76,53.5,8169.04,-83.19,-9.16,0,68770,3
12.29,0.83,7.22,45.78,53.44,8164.95,-81.96,-10.15,0,68825,3
13.39,1.12,7.14,45.79,53.44,8160.6,-80.86,-10.32,0,68874,3
18.41,1.89,7.02,45.8,53.44,8156.8,-79.48,-11.49,0,68925,3
18.67,1.86,6.9,45.82,53.44,8152.91,-78.25,-11.41,0,68976,3
14.93,2.15,7.4,45.84,53.5,8149.08,-76.92,-10.65,0,69026,3
13.4,1.74,7.61,45.86,53.44,8145.39,-75.72,-10.49,0,69095,3
12.31,4.16,7.98,45.9,53.44,8140.27,-75.34,-9.94,0,69172,3
9.82,2.22,7.43,45.93,53.44,8134.57,-75.09,-9.14,0,69227,3
11.05,1.64,6.97,45.93,53.44,8130.59,-74.05,-9.1,0,69249,3
11.26,2.2,8.13,45.95,53.44,8129.1,-70.97,-10.04,0,69311,3
11.67,2.09,7.69,45.97,53.44,8124.81,-70.36,-9.7,0,69349,3
10.76,1.76,8.02,45.98,53.44,8122.27,-68.84,-9.83,0,69400,3
10.19,2.06,8.99,45.99,53.44,8118.88,-67.95,-10.55,0,69452,3
9.25,2.29,8.3,46.01,53.44,8115.47,-67.03,-9.66,0,69507,3
9.72,2.72,8.54,46.02,53.44,8111.91,-66.18,-9.94,0,69555,3
8.03,2.52,9.25,46.03,53.44,8108.87,-65.09,-10.34,0,69606,3
7.45,2.82,9.6,46.05,53.44,8105.68,-64.18,-10.58,0,69656,3
10.66,3.54,9.4,46.06,53.44,8102.58,-63.32,-10.95,0,69710,3
11.7,3.93,9.55,46.08,53.44,8099.28,-62.59,-11.35,0,69757,3
11.73,4.66,10,46.09,53.44,8096.46,-61.68,-11.93,0,69808,3
7.79,4.53,9.34,46.1,53.44,8093.43,-60.87,-10.79,0,69886,3
7.63,5.15,9.9,46.12,53.44,8088.78,-60.84,-11.53,0,69914,3
12.21,5.97,9.05,46.13,53.38,8087.19,-58.89,-11.63,0,69962,3
8.2,6.1,8.48,46.15,53.44,8084.48,-58.02,-10.77,0,70014,3
17.79,6.97,10.36,46.16,53.44,8081.56,-57.55,-14.21,0,70065,3
19.41,9.07,8.31,46.18,53.44,8078.72,-57.07,-13.5,0,70119,3
9.3,7.39,8.23,46.21,53.44,8075.71,-56.76,-11.74,0,70166,3
12.67,7.81,7.73,46.22,53.38,8073.11,-56.36,-12.13,0,70217,3
15.83,8.43,8.85,46.23,53.44,8070.31,-56.1,-13.96,0,70267,3
8.28,9.31,7.62,46.25,53.44,8067.58,-55.8,-12.75,0,70321,3
10.83,9.69,6.53,46.26,53.44,8064.63,-55.61,-12.67,0,70369,3
8.83,11,5.24,46.27,53.38,8062.02,-55.4,-12.71,0,70420,3
8.42,11.44,4.55,46.29,53.44,8059.26,-55.21,-12.81,0,70472,3
9.1,11.72,3.73,46.31,53.44,8056.43,-55.17,-12.88,0,70524,3
5.7,12.15,3.38,46.32,53.44,8053.61,-55.14,-12.9,0,70578,3
9.2,13.06,2.21,46.33,53.44,8050.68,-55.23,-13.77,0,70626,3
11.55,14.84,1.04,46.35,53.38,8048.06,-55.35,-15.45,0,70677,3
14.16,15.27,-0.61,46.36,53.44,8045.27,-55.53,-15.89,0,70727,3
15.44,14.52,-1.26,46.38,53.44,8042.53,-55.71,-15.42,0,70780,3
7.09,13.37,-1.3,46.4,53.44,8039.6,-56,-13.82,0,70828,3
6.06,13.5,-2.27,46.41,53.38,8036.92,-56.29,-14,0,70879,3
10.41,14.48,-4.04,46.43,53.38,8034.05,-56.8,-15.54,0,70930,3
9.16,13.05,-4.47,46.45,53.44,8031.16,-57.24,-14.2,0,70984,3
8.25,12.72,-5.56,46.47,53.44,8028.06,-57.83,-14.19,0,71032,3
11.71,13.14,-6.5,46.48,53.44,8025.27,-58.42,-15.03,0,71083,3
4.9,11.9,-7.07,46.5,53.44,8022.27,-59.07,-13.91,0,71134,3
10.97,11.42,-8.45,46.52,53.44,8019.23,-59.79,-14.42,0,71188,3
9.59,10.28,-9.34,46.53,53.44,8015.97,-60.57,-14.03,0,71236,3
7.85,9.83,-9.61,46.55,53.44,8013.03,-61.3,-13.65,0,71287,3
8.41,9.8,-10.87,46.57,53.38,8009.86,-62.19,-14.42,0,71338,3
11.54,8.27,-11.06,46.58,53.38,8006.65,-63.02,-13.63,0,71392,3
8.07,7.38,-11.19,46.59,53.38,8003.21,-63.85,-13.14,0,71440,3
9.75,6.45,-11.68,46.61,53.38,8000.1,-64.66,-13.05,0,71491,3
7.81,5.72,-12.33,46.62,53.44,7996.77,-65.43,-13.27,0,71542,3
9.51,5.55,-14.76,46.64,53.38,7993.38,-66.41,-15.39,0,71596,3
6.41,5,-12.35,46.65,53.38,7989.75,-67.25,-12.79,0,71644,3
16.7,4.34,-17.48,46.67,53.44,7986.48,-68.24,-17.46,0,71695,3
12.87,3.52,-13.75,46.69,53.44,7982.95,-69.15,-13.72,0,71746,3
10.26,2.64,-13.78,46.7,53.38,7979.37,-70.11,-13.76,0,71800,3
13.87,2.26,-12.94,46.71,53.38,7975.53,-71.02,-12.99,0,71848,3
13.57,3.15,-12.62,46.73,53.38,7972.08,-71.88,-12.67,0,71899,3
10.82,2.94,-12.06,46.75,53.38,7968.36,-72.72,-12.05,0,71950,3
15.44,2.59,-10.99,46.76,53.38,7964.6,-73.56,-11.25,0,72005,3
8.81,1.75,-10.75,46.78,53.38,7960.5,-74.43,-10.73,0,72053,3
10.97,2.07,-9.89,46.8,53.38,7956.87,-75.23,-9.88,0,72105,3
4.49,1.13,-10.74,46.81,53.38,7952.91,-75.98,-10.34,0,72156,3
8.73,0.44,-10.74,46.83,53.38,7948.99,-76.75,-10.74,0,72209,3
12.07,0.05,-10.86,46.84,53.38,7944.88,-77.53,-11.13,0,72257,3
7.2,-0.69,-10.47,46.86,53.38,7941.11,-78.24,-10.5,0,72307,3
5.32,-1.07,-10.12,46.88,53.38,7937.16,-78.96,-10.07,0,72358,3
9.21,-1.35,-10.03,46.89,53.38,7933.08,-79.7,-10.28,0,72409,3
8.99,-1.91,-9.8,46.91,53.38,7928.97,-80.44,-10.18,0,72463,3
8.51,-2.6,-10.06,46.93,53.38,7924.58,-81.23,-10.56,0,72512,3
12.62,-4.73,-11.81,46.95,53.38,7920.55,-82.09,-13.25,0,72564,3
10.34,-3.93,-10.07,46.96,53.31,7916.23,-82.88,-11.13,0,72615,3
6.73,-3.72,-9.25,46.98,53.38,7911.97,-83.56,-10.06,0,72669,3
5.35,-3.72,-8.85,47,53.38,7907.41,-84.28,-9.59,0,72716,3
9.39,-4.01,-10.03,47.02,53.38,7903.4,-85.01,-10.86,0,72767,3
14.95,-4.58,-9.79,47.04,53.38,7899.02,-85.82,-11.32,0,72817,3
9.12,-4.6,-8.45,47.06,53.38,7894.67,-86.58,-9.9,0,72871,3
9.85,-4.86,-7.66,47.08,53.31,7889.94,-87.36,-9.54,0,72919,3
10.73,-4.91,-7.55,47.08,53.38,7885.72,-87.9,-9.52,0,72970,3
10.92,-5.3,-7.52,47.1,53.38,7881.2,-88.48,-9.76,0,73022,3
14.89,-5.77,-8.16,47.12,53.31,7876.57,-89.12,-10.81,0,73077,3
7.21,-5.19,-6.63,47.13,53.38,7871.65,-89.49,-8.68,0,73125,3
7.31,-5.51,-5.92,47.15,53.38,7867.35,-89.77,-8.51,0,73176,3
5.07,-5.72,-5.98,47.17,53.38,7862.76,-90.08,-8.42,0,73227,3
18.02,-6.9,-8.44,47.18,53.31,7858.15,-90.59,-11.88,0,73280,3
19,-7.29,-8.05,47.19,53.38,7853.35,-90.93,-12.07,0,73328,3
8.84,-6.52,-5.56,47.21,53.38,7848.99,-91.04,-9.16,0,73378,3
14.3,-6.59,-5.55,47.22,53.31,7844.44,-91.24,-9.89,0,73429,3
11.8,-7.14,-4.51,47.24,53.31,7839.81,-91.35,-9.74,0,73483,3
8.68,-6.58,-3.48,47.25,53.31,7834.9,-91.33,-8.46,0,73531,3
11.03,-6.93,-3.01,47.26,53.31,7830.55,-91.2,-9.06,0,73582,3
11.11,-6.69,-3.43,47.28,53.38,7825.94,-91.01,-8.93,0,73633,3
15.16,-6.79,-2.64,47.3,53.31,7821.33,-90.94,-9.59,0,73684,3
11.11,-6.07,-0.4,47.31,53.31,7816.73,-90.69,-8.04,0,73738,3
10.38,-6.29,1.05,47.33,53.31,7811.88,-90.49,-8.29,0,73786,3
8.55,-5.89,1.92,47.35,53.38,7807.6,-90.04,-7.82,0,73837,3
17.96,-5.35,3.24,47.38,53.31,7803.04,-89.94,-9.89,0,73888,3
7.53,-4.9,4.41,47.39,53.31,7798.5,-89.67,-7.99,0,73942,3
15.62,-3.59,5.27,47.41,53.31,7793.71,-89.49,-9.49,0,73990,3
22.24,-2.08,6.32,47.41,53.31,7789.47,-89.12,-11.03,0,74041,3
9.38,-2.16,7.43,47.43,53.38,7785,-88.65,-9.31,0,74092,3
7.43,-1.17,7.86,47.45,53.31,7780.55,-88.19,-9.04,0,74146,3
12.24,0.82,8.25,47.46,53.31,7775.86,-87.78,-10.2,0,74194,3
6.95,2.14,7.59,47.47,53.38,7771.74,-86.97,-8.34,0,74245,3
11.78,2.06,7.27,47.49,53.31,7767.39,-86.43,-9.77,0,74296,3
13.18,3.02,7.35,47.5,53.31,7763.08,-85.77,-10.52,0,74350,3
8.25,4.5,7.96,47.52,53.31,7758.54,-85.18,-10.29,0,74398,3
13.18,4.91,7.46,47.53,53.31,7754.55,-84.42,-11.67,0,74449,3
9.01,5.64,7.23,47.55,53.25,7750.35,-83.77,-10.84,0,74500,3
14.59,6.17,6.31,47.56,53.31,7746.18,-83.09,-12.16,0,74554,3
11.02,7.29,6.44,47.58,53.31,7741.79,-82.5,-12.11,0,74603,3
10.08,8.56,5.75,47.6,53.31,7737.86,-81.76,-12.33,0,74655,3
12.04,9.48,4.78,47.61,53.31,7733.72,-81.1,-13.16,0,74706,3
11.48,10.07,3.93,47.63,53.31,7729.69,-80.4,-13.25,0,74759,3
10.78,10.58,3.34,47.64,53.31,7725.55,-79.73,-13.45,0,74807,3
14.21,10.68,2.14,47.66,53.31,7721.84,-78.88,-14.37,0,74858,3
8.3,11.27,1.46,47.67,53.31,7717.94,-78.07,-13.15,0,74908,3
15.94,11.37,-0.56,47.68,53.31,7714.16,-77.28,-15.35,0,74962,3
10.77,10.81,-1.35,47.7,53.31,7710.12,-76.51,-13.43,0,75010,3
8.56,10.99,-1.47,47.71,53.31,7706.59,-75.41,-13.1,0,75062,3
7.66,11,-2.3,47.73,53.31,7702.8,-74.49,-13,0,75114,3
9.26,10.46,-3.79,47.74,53.31,7699.07,-73.55,-13.33,0,75165,3
13.45,8.39,-4.68,47.75,53.31,7695.47,-72.52,-13.11,0,75219,3
17.41,7.89,-6.04,47.77,53.25,7691.68,-71.76,-14.46,0,75267,3
26.45,6.6,-7.32,47.78,53.31,7688.38,-70.8,-16.7,0,75317,3
14.24,9.62,-5.67,47.81,53.25,7684.96,-70.08,-14.79,0,75368,3
8.88,10.21,-5.99,47.83,53.31,7681.5,-69.34,-13.8,0,75433,3
10.37,10.12,-6.91,47.86,53.25,7677.09,-69.26,-14.55,0,75487,3
10,9.68,-6.85,47.87,53.31,7673.46,-68.63,-13.97,0,75520,3
9.81,9.61,-6.9,47.89,53.31,7671.32,-67.02,-13.76,0,75572,3
14.51,9.64,-7.31,47.9,53.31,7667.95,-66.48,-15.03,0,75626,3
12.75,10.44,-7.72,47.92,53.31,7664.46,-66.05,-15.23,0,75675,3
10.81,9.39,-8.39,47.93,53.25,7661.32,-65.46,-14.46,0,75726,3
9.58,8.75,-8.97,47.94,53.25,7658.09,-64.91,-14.13,0,75777,3
